event_id,time_utc,time_utc8,phase,event,data_type,source,notes
T01,2014-03-07T16:40:37Z,2014-03-08T00:40:37+08:00,departure,Lumpur Tower cleared MH370 for take-off (RWY 32R KLIA),ATC_clearance,https://www.mot.gov.my/en/Laporan%20MH%20370/Factual%20Information%20Safety%20Investigation%20For%20MH370.pdf,MOT Factual Information §1.1.1. ATSB fact sheet often cites departure ~16:41 UTC.
T02,2014-03-07T16:42:00Z,2014-03-08T00:42:00+08:00,departure,Departure from KLIA / commonly cited airborne time (0042 MYT),timeline_summary,https://www.mot.gov.my/en/Laporan%20MH%20370/Factual%20Information%20Safety%20Investigation%20For%20MH370.pdf; https://www.atsb.gov.au/publications/educational-fact-sheet/2022/aviation/considerations-defining-search-area-mh370,Rounded to minute as commonly published (0042 MYT). Climb clearance to FL180 at 16:42:53 UTC per MOT.
T03,2014-03-07T17:01:17Z,2014-03-08T01:01:17+08:00,cruise,Crew reported maintaining FL350,radio_ATC,https://www.mot.gov.my/en/Laporan%20MH%20370/Factual%20Information%20Safety%20Investigation%20For%20MH370.pdf,MOT §1.1.1
T04,2014-03-07T17:07:29Z,2014-03-08T01:07:29+08:00,cruise,Last ACARS communication / B777 position report via SATCOM,ACARS,https://www.mot.gov.my/en/Laporan%20MH%20370/Factual%20Information%20Safety%20Investigation%20For%20MH370.pdf; https://www.atsb.gov.au/sites/default/files/media/5773565/operational-search-for-mh370_final_3oct2017.pdf,"MOT: last ACARS at 1707:29 UTC. ATSB ops report: included fuel remaining 43,800 kg. Next expected ~30 min report not received."
T05,2014-03-07T17:07:56Z,2014-03-08T01:07:56+08:00,cruise,Crew again reported maintaining FL350,radio_ATC,https://www.mot.gov.my/en/Laporan%20MH%20370/Factual%20Information%20Safety%20Investigation%20For%20MH370.pdf,MOT §1.1.1
T06,2014-03-07T17:19:30Z,2014-03-08T01:19:30+08:00,handoff,"Last radio transmission: ""Good night Malaysia Three Seven Zero"" (transfer to HCM ACC)",radio_ATC,https://www.mot.gov.my/en/Laporan%20MH%20370/Factual%20Information%20Safety%20Investigation%20For%20MH370.pdf,Last recorded radio transmission from MH370. MOT §1.1.1
T07,2014-03-07T17:20:31Z,2014-03-08T01:20:31+08:00,SSR,Passed waypoint IGARI (SSR),SSR,https://www.mot.gov.my/en/Laporan%20MH%20370/Factual%20Information%20Safety%20Investigation%20For%20MH370.pdf,MOT radar recording. Exact lat/lon of radar fix not published as coordinates; IGARI waypoint coords in 02_radar_track_points.csv
T08,2014-03-07T17:20:36Z,2014-03-08T01:20:36+08:00,SSR,Mode S symbol dropped from Malaysian ATC radar,SSR,https://www.mot.gov.my/en/Laporan%20MH%20370/Factual%20Information%20Safety%20Investigation%20For%20MH370.pdf,MOT §1.1.1
T09,2014-03-07T17:21:13Z,2014-03-08T01:21:13+08:00,SSR,Last secondary radar (SSR) position symbol (KL ATCC); diversion begins,SSR,https://www.mot.gov.my/en/Laporan%20MH%20370/Factual%20Information%20Safety%20Investigation%20For%20MH370.pdf,Last SSR then military radar showed right then left turn to SW. ATSB fact sheet approx. cites final ATC secondary fix ~17:22 UTC.
T10,2014-03-07T17:21:13Z,2014-03-08T01:21:13+08:00,route_deviation,Air turn-back / diversion from filed flight plan begins (military radar),PSR,https://www.mot.gov.my/en/Laporan%20MH%20370/Factual%20Information%20Safety%20Investigation%20For%20MH370.pdf,Military radar: turn right then almost immediately constant left turn to south-westerly. Exact fix coordinates not published.
T11,2014-03-07T17:30:35Z,2014-03-08T01:30:35+08:00,route_deviation,"Military radar: heading ~231M, GS ~496 kt, height ~35,700 ft (sample)",PSR,https://www.mot.gov.my/en/Laporan%20MH%20370/Factual%20Information%20Safety%20Investigation%20For%20MH370.pdf,MOT sample between 17:30:35–17:35. No published lat/lon for this fix.
T12,2014-03-07T17:52:35Z,2014-03-08T01:52:35+08:00,route_deviation,Radar return slightly south of Penang Island; last KL ATCC primary return,PSR,https://www.mot.gov.my/en/Laporan%20MH%20370/Factual%20Information%20Safety%20Investigation%20For%20MH370.pdf,Exact coordinates not published. MOT §1.1.3
T13,2014-03-07T18:02:59Z,2014-03-08T02:02:59+08:00,route_deviation,Military radar time registered over Pulau Perak (Malacca Strait),PSR,https://www.mot.gov.my/en/Laporan%20MH%20370/Factual%20Information%20Safety%20Investigation%20For%20MH370.pdf,Descriptive location only; exact radar lat/lon not published.
T14,2014-03-07T18:22:12Z,2014-03-08T02:22:12+08:00,route_deviation,Last primary radar return: ~10 NM after waypoint MEKAR on airway N571,PSR,https://www.mot.gov.my/en/Laporan%20MH%20370/Factual%20Information%20Safety%20Investigation%20For%20MH370.pdf; https://www.atsb.gov.au/publications/educational-fact-sheet/2022/aviation/considerations-defining-search-area-mh370,Final primary radar fix. Exact published coordinates of this fix not in MOT text; MEKAR waypoint coords in radar table as reference only.
T15,2014-03-07T18:25:27Z,2014-03-08T02:25:27+08:00,SATCOM,1st arc: aircraft-initiated Log-on Request (end of SATCOM link-lost period),SATCOM_handshake,http://i2.cdn.turner.com/cnn/2014/images/05/27/flight.370.data.logs.pdf,Inmarsat SU log (Malaysia May 2014 release). Link lost sometime between 17:07:48 and 18:03:41. See 03_inmarsat_satcom.csv for BTO/BFO.
T16,2014-03-07T18:39:52Z,2014-03-08T02:39:52+08:00,SATCOM,Unanswered ground-to-air telephony call (zero duration),SATCOM_telephony,http://i2.cdn.turner.com/cnn/2014/images/05/27/flight.370.data.logs.pdf,BFO available on C-channel; no BTO. Useful for path analysis (southerly trend start).
T17,2014-03-07T19:41:02Z,2014-03-08T03:41:02+08:00,SATCOM,2nd arc: hourly handshake (Log-on Interrogation + Acknowledge),SATCOM_handshake,http://i2.cdn.turner.com/cnn/2014/images/05/27/flight.370.data.logs.pdf,See satcom CSV
T18,2014-03-07T20:41:04Z,2014-03-08T04:41:04+08:00,SATCOM,3rd arc: hourly handshake,SATCOM_handshake,http://i2.cdn.turner.com/cnn/2014/images/05/27/flight.370.data.logs.pdf,See satcom CSV
T19,2014-03-07T21:41:26Z,2014-03-08T05:41:26+08:00,SATCOM,4th arc: hourly handshake,SATCOM_handshake,http://i2.cdn.turner.com/cnn/2014/images/05/27/flight.370.data.logs.pdf,See satcom CSV
T20,2014-03-07T22:41:21Z,2014-03-08T06:41:21+08:00,SATCOM,5th arc: hourly handshake,SATCOM_handshake,http://i2.cdn.turner.com/cnn/2014/images/05/27/flight.370.data.logs.pdf,See satcom CSV
T21,2014-03-07T23:13:58Z,2014-03-08T07:13:58+08:00,SATCOM,Second unanswered ground-to-air telephony call,SATCOM_telephony,http://i2.cdn.turner.com/cnn/2014/images/05/27/flight.370.data.logs.pdf,C-channel BFO only
T22,2014-03-08T00:10:59Z,2014-03-08T08:10:59+08:00,SATCOM,6th arc: hourly handshake (last successful routine handshake),SATCOM_handshake,http://i2.cdn.turner.com/cnn/2014/images/05/27/flight.370.data.logs.pdf,See satcom CSV
T23,2014-03-08T00:19:29Z,2014-03-08T08:19:29+08:00,SATCOM,7th arc: aircraft-initiated Log-on Request (partial handshake) — fuel-exhaustion interpretation,SATCOM_handshake,http://i2.cdn.turner.com/cnn/2014/images/05/27/flight.370.data.logs.pdf; https://www.atsb.gov.au/publications/educational-fact-sheet/2022/aviation/considerations-defining-search-area-mh370,"ATSB: consistent with SATCOM powering up after power interruption, possibly from fuel exhaustion. Aircraft performance calc consistent with fuel exhaustion near 7th arc."
T24,2014-03-08T00:19:37Z,2014-03-08T08:19:37+08:00,SATCOM,Last transmission received from aircraft terminal (Log-on/Log-off Acknowledge),SATCOM_handshake,http://i2.cdn.turner.com/cnn/2014/images/05/27/flight.370.data.logs.pdf,Last R-channel burst from aircraft. BFO=-2 Hz used in end-of-flight descent analysis (ATSB).
T25,2014-03-08T01:15:56Z,2014-03-08T09:15:56+08:00,SATCOM,"Handshake Request — no response from aircraft (and retries 01:16:06, 01:16:15)",SATCOM_failed,http://i2.cdn.turner.com/cnn/2014/images/05/27/flight.370.data.logs.pdf,Confirms aircraft no longer responding after 00:19.
