point_id,time_utc,time_utc8,lat,lon,altitude_ft,radar_type,waypoint_or_area,heading_or_track_note,source,notes
R01,2014-03-07T17:20:31Z,2014-03-08T01:20:31+08:00,6.936667,103.585000,35000,SSR,IGARI,On filed route R208 toward BITOD,https://www.mot.gov.my/en/Laporan%20MH%20370/Factual%20Information%20Safety%20Investigation%20For%20MH370.pdf; https://opennav.com/waypoint/VN/IGARI,"Time from MOT radar recording at IGARI. Lat/lon are published IFR waypoint coords (OpenNav), NOT a published radar-fix coordinate dump. Altitude assumed FL350 from last crew reports (approx)."
R02,2014-03-07T17:20:36Z,2014-03-08T01:20:36+08:00,,,,SSR,near IGARI,Mode S symbol dropped,https://www.mot.gov.my/en/Laporan%20MH%20370/Factual%20Information%20Safety%20Investigation%20For%20MH370.pdf,No published lat/lon for this Mode S dropout fix.
R03,2014-03-07T17:21:13Z,2014-03-08T01:21:13+08:00,,,,SSR,~3.2 NM after IGARI (MOT figure caption),Last SSR position symbol; then air turn-back,https://www.mot.gov.my/en/Laporan%20MH%20370/Factual%20Information%20Safety%20Investigation%20For%20MH370.pdf,MOT figure caption mentions ~3.2 Nm after IGARI at 1721:13. Exact lat/lon of radar symbol not released as coordinates.
R04,,,7.256667,104.118333,,unknown,BITOD,Filed next waypoint after IGARI (not reached after diversion),https://www.mot.gov.my/en/Laporan%20MH%20370/Factual%20Information%20Safety%20Investigation%20For%20MH370.pdf; https://opennav.com/waypoint/VN/BITOD,Waypoint reference only. Aircraft turned back before reaching BITOD. Lat/lon from OpenNav IFR waypoint.
R05,2014-03-07T17:30:35Z,2014-03-08T01:30:35+08:00,,,35700,PSR,westbound over Malay Peninsula (military),heading 231M; GS 496 kt; height 35700 ft (MOT sample 17:30:35–17:35),https://www.mot.gov.my/en/Laporan%20MH%20370/Factual%20Information%20Safety%20Investigation%20For%20MH370.pdf,Descriptive military PSR sample; lat/lon not published.
R06,2014-03-07T17:36:00Z,2014-03-08T01:36:00+08:00,,,31100-33000,PSR,military track,heading 237M; GS 494–525 kt; height fluctuating 31100–33000 ft,https://www.mot.gov.my/en/Laporan%20MH%20370/Factual%20Information%20Safety%20Investigation%20For%20MH370.pdf,Altitude range as published; no lat/lon.
R07,2014-03-07T17:39:59Z,2014-03-08T01:39:59+08:00,,,32800,PSR,military track,heading 244M; GS 529 kt; height 32800 ft,https://www.mot.gov.my/en/Laporan%20MH%20370/Factual%20Information%20Safety%20Investigation%20For%20MH370.pdf,No lat/lon published.
R08,2014-03-07T17:52:35Z,2014-03-08T01:52:35+08:00,,,,PSR,slightly south of Penang Island,Last KL ATCC primary radar return,https://www.mot.gov.my/en/Laporan%20MH%20370/Factual%20Information%20Safety%20Investigation%20For%20MH370.pdf,Descriptive; exact coordinates not published.
R09,2014-03-07T18:02:59Z,2014-03-08T02:02:59+08:00,,,,PSR,Pulau Perak (Straits of Malacca),Military radar time registered over Pulau Perak,https://www.mot.gov.my/en/Laporan%20MH%20370/Factual%20Information%20Safety%20Investigation%20For%20MH370.pdf,Island location descriptive only; no official radar lat/lon published in MOT text.
R10,,,6.182222,97.585556,,unknown,VAMPI,ATSB: tracked along N571 near VAMPI after Penang,https://www.atsb.gov.au/sites/default/files/media/5773565/operational-search-for-mh370_final_3oct2017.pdf; https://opennav.com/waypoint/MY/VAMPI,Waypoint reference. ATSB Operational Search report: aircraft aligned with N571 from VAMPI. Exact radar fix coords at VAMPI not published; lat/lon are IFR waypoint from OpenNav.
R11,,,6.503889,96.491111,,unknown,MEKAR,On airway N571; last radar ~10 NM beyond MEKAR,https://www.mot.gov.my/en/Laporan%20MH%20370/Factual%20Information%20Safety%20Investigation%20For%20MH370.pdf; https://opennav.com/waypoint/MY/MEKAR,"Waypoint reference coords from OpenNav. Final radar was 10 NM after MEKAR, not at MEKAR itself."
R12,2014-03-07T18:22:12Z,2014-03-08T02:22:12+08:00,,,,PSR,~10 NM after MEKAR on N571,Last primary radar return; track ended abruptly,https://www.mot.gov.my/en/Laporan%20MH%20370/Factual%20Information%20Safety%20Investigation%20For%20MH370.pdf; https://www.atsb.gov.au/publications/educational-fact-sheet/2022/aviation/considerations-defining-search-area-mh370,CRITICAL: do not invent coordinates. Full military PSR track as lat/lon series has not been released in the public MOT/ATSB documents used here. Wikipedia sometimes quotes a coordinate for this fix — not used unless traced to official release.
