handshake_id,time_utc,time_utc8,message_type,bto_us,bfo_hz,arc_name,source,notes
S01,2014-03-07T18:25:27.421Z,2014-03-08T02:25:27.421+08:00,0x10 Log-on Request (ISU)/Log-on Flight Information (R600 RX),17120,142,1st,http://i2.cdn.turner.com/cnn/2014/images/05/27/flight.370.data.logs.pdf,Aircraft-initiated. R600 channel: ATSB Dec-2014 update notes subtract 4600 µs calibration (17120-4600=12520) when comparing to R1200. Official ATSB PDF mirror: https://www.atsb.gov.au/sites/default/files/media/5772619/public_mh370-data-communication-logs.pdf
S02,2014-03-07T18:25:34.461Z,2014-03-08T02:25:34.461+08:00,0x15 Log-on/Log-off Acknowledge (R1200 RX),51700,273,1st,http://i2.cdn.turner.com/cnn/2014/images/05/27/flight.370.data.logs.pdf,Part of 1st-arc logon sequence. Large BTO on this acknowledge noted in public analyses.
S03,2014-03-07T18:39:55.354Z,2014-03-08T02:39:55.354+08:00,C-Channel Call Progress - Test (unanswered telephony),,88,,http://i2.cdn.turner.com/cnn/2014/images/05/27/flight.370.data.logs.pdf,No BTO on C-channel. Representative first C-RX BFO from log summary (~88 Hz). Full C-channel series in PDF appendix.
S04,2014-03-07T19:41:02.906Z,2014-03-08T03:41:02.906+08:00,0x15 Log-on/Log-off Acknowledge (response to Log-on Interrogation),11500,111,2nd,http://i2.cdn.turner.com/cnn/2014/images/05/27/flight.370.data.logs.pdf,Hourly ground-initiated handshake.
S05,2014-03-07T20:41:04.904Z,2014-03-08T04:41:04.904+08:00,0x15 Log-on/Log-off Acknowledge,11740,141,3rd,http://i2.cdn.turner.com/cnn/2014/images/05/27/flight.370.data.logs.pdf,Hourly handshake.
S06,2014-03-07T21:41:26.905Z,2014-03-08T05:41:26.905+08:00,0x15 Log-on/Log-off Acknowledge,12780,168,4th,http://i2.cdn.turner.com/cnn/2014/images/05/27/flight.370.data.logs.pdf,Hourly handshake.
S07,2014-03-07T22:41:21.906Z,2014-03-08T06:41:21.906+08:00,0x15 Log-on/Log-off Acknowledge,14540,204,5th,http://i2.cdn.turner.com/cnn/2014/images/05/27/flight.370.data.logs.pdf,Hourly handshake.
S08,2014-03-07T23:14:00.904Z,2014-03-08T07:14:00.904+08:00,C-Channel Call Progress - Test (unanswered telephony),,216,,http://i2.cdn.turner.com/cnn/2014/images/05/27/flight.370.data.logs.pdf,No BTO. BFO from log summary first C-RX.
S09,2014-03-08T00:10:59.928Z,2014-03-08T08:10:59.928+08:00,0x15 Log-on/Log-off Acknowledge,18040,252,6th,http://i2.cdn.turner.com/cnn/2014/images/05/27/flight.370.data.logs.pdf,Last successful routine hourly handshake before 7th-arc logon.
S10,2014-03-08T00:19:29.416Z,2014-03-08T08:19:29.416+08:00,0x10 Log-on Request (ISU)/Log-on Flight Information (R600 RX) — partial handshake,23000,182,7th,http://i2.cdn.turner.com/cnn/2014/images/05/27/flight.370.data.logs.pdf; https://www.atsb.gov.au/publications/educational-fact-sheet/2022/aviation/considerations-defining-search-area-mh370,Defines 7th arc. R600: apply −4600 µs calibration for R1200 comparison (23000-4600=18400) per ATSB update note. Fuel-exhaustion / power-interrupt interpretation per ATSB.
S11,2014-03-08T00:19:37.443Z,2014-03-08T08:19:37.443+08:00,0x15 Log-on/Log-off Acknowledge — LAST RX from aircraft,49660,-2,7th,http://i2.cdn.turner.com/cnn/2014/images/05/27/flight.370.data.logs.pdf; https://www.atsb.gov.au/investigations/ae-2014-054,Last transmission from aircraft. ATSB BFO analysis: implies high rate of descent vs extrapolated ~260 Hz level-flight expectation.
S12,2014-03-08T01:15:56Z,2014-03-08T09:15:56+08:00,0x14 Log Control - Log-on Interrogation — NO RESPONSE,,,,http://i2.cdn.turner.com/cnn/2014/images/05/27/flight.370.data.logs.pdf,Ground TX only; no aircraft response. Retries at 01:16:06 and 01:16:15.
