seq,time_utc,time_utc8,channel_name,ocean_region,ges_id_octal,channel_unit_id,channel_type,su_type,bfo_hz,bto_us,bto_us_r600_minus_4600,has_bto,arc_name,annotation,source
852,2014-03-07T18:03:41.405Z,2014-03-08T02:03:41.405+08:00,IOR-P10500-0-3859,IOR,305,10,P-Channel TX,0x71 - User Data (ISU) - RLS,,,,N,,No Response to Ground to Air DATA-2 ACARS Data. Link lost at sometime between 17:07:48 and here.,Malaysia May 2014 Inmarsat readable log (flight.370.data.logs.pdf)
853,2014-03-07T18:03:41.405Z,2014-03-08T02:03:41.405+08:00,IOR-P10500-0-3859,IOR,305,10,P-Channel TX,Subsequent Signalling Unit,,,,N,,No Response to Ground to Air DATA-2 ACARS Data. Link lost at sometime between 17:07:48 and here.,Malaysia May 2014 Inmarsat readable log (flight.370.data.logs.pdf)
854,2014-03-07T18:03:41.405Z,2014-03-08T02:03:41.405+08:00,IOR-P10500-0-3859,IOR,305,10,P-Channel TX,Subsequent Signalling Unit,,,,N,,No Response to Ground to Air DATA-2 ACARS Data. Link lost at sometime between 17:07:48 and here.,Malaysia May 2014 Inmarsat readable log (flight.370.data.logs.pdf)
855,2014-03-07T18:03:41.405Z,2014-03-08T02:03:41.405+08:00,IOR-P10500-0-3859,IOR,305,10,P-Channel TX,Subsequent Signalling Unit,,,,N,,No Response to Ground to Air DATA-2 ACARS Data. Link lost at sometime between 17:07:48 and here.,Malaysia May 2014 Inmarsat readable log (flight.370.data.logs.pdf)
856,2014-03-07T18:03:41.405Z,2014-03-08T02:03:41.405+08:00,IOR-P10500-0-3859,IOR,305,10,P-Channel TX,Subsequent Signalling Unit,,,,N,,No Response to Ground to Air DATA-2 ACARS Data. Link lost at sometime between 17:07:48 and here.,Malaysia May 2014 Inmarsat readable log (flight.370.data.logs.pdf)
857,2014-03-07T18:03:41.405Z,2014-03-08T02:03:41.405+08:00,IOR-P10500-0-3859,IOR,305,10,P-Channel TX,Subsequent Signalling Unit,,,,N,,No Response to Ground to Air DATA-2 ACARS Data. Link lost at sometime between 17:07:48 and here.,Malaysia May 2014 Inmarsat readable log (flight.370.data.logs.pdf)
858,2014-03-07T18:03:41.405Z,2014-03-08T02:03:41.405+08:00,IOR-P10500-0-3859,IOR,305,10,P-Channel TX,Subsequent Signalling Unit,,,,N,,No Response to Ground to Air DATA-2 ACARS Data. Link lost at sometime between 17:07:48 and here.,Malaysia May 2014 Inmarsat readable log (flight.370.data.logs.pdf)
859,2014-03-07T18:03:41.405Z,2014-03-08T02:03:41.405+08:00,IOR-P10500-0-3859,IOR,305,10,P-Channel TX,Subsequent Signalling Unit,,,,N,,No Response to Ground to Air DATA-2 ACARS Data. Link lost at sometime between 17:07:48 and here.,Malaysia May 2014 Inmarsat readable log (flight.370.data.logs.pdf)
860,2014-03-07T18:03:41.405Z,2014-03-08T02:03:41.405+08:00,IOR-P10500-0-3859,IOR,305,10,P-Channel TX,Subsequent Signalling Unit,,,,N,,No Response to Ground to Air DATA-2 ACARS Data. Link lost at sometime between 17:07:48 and here.,Malaysia May 2014 Inmarsat readable log (flight.370.data.logs.pdf)
861,2014-03-07T18:03:41.405Z,2014-03-08T02:03:41.405+08:00,IOR-P10500-0-3859,IOR,305,10,P-Channel TX,Subsequent Signalling Unit,,,,N,,No Response to Ground to Air DATA-2 ACARS Data. Link lost at sometime between 17:07:48 and here.,Malaysia May 2014 Inmarsat readable log (flight.370.data.logs.pdf)
862,2014-03-07T18:03:41.405Z,2014-03-08T02:03:41.405+08:00,IOR-P10500-0-3859,IOR,305,10,P-Channel TX,Subsequent Signalling Unit,,,,N,,No Response to Ground to Air DATA-2 ACARS Data. Link lost at sometime between 17:07:48 and here.,Malaysia May 2014 Inmarsat readable log (flight.370.data.logs.pdf)
863,2014-03-07T18:03:41.405Z,2014-03-08T02:03:41.405+08:00,IOR-P10500-0-3859,IOR,305,10,P-Channel TX,Subsequent Signalling Unit,,,,N,,No Response to Ground to Air DATA-2 ACARS Data. Link lost at sometime between 17:07:48 and here.,Malaysia May 2014 Inmarsat readable log (flight.370.data.logs.pdf)
864,2014-03-07T18:03:41.405Z,2014-03-08T02:03:41.405+08:00,IOR-P10500-0-3859,IOR,305,10,P-Channel TX,Subsequent Signalling Unit,,,,N,,No Response to Ground to Air DATA-2 ACARS Data. Link lost at sometime between 17:07:48 and here.,Malaysia May 2014 Inmarsat readable log (flight.370.data.logs.pdf)
865,2014-03-07T18:03:41.405Z,2014-03-08T02:03:41.405+08:00,IOR-P10500-0-3859,IOR,305,10,P-Channel TX,Subsequent Signalling Unit,,,,N,,No Response to Ground to Air DATA-2 ACARS Data. Link lost at sometime between 17:07:48 and here.,Malaysia May 2014 Inmarsat readable log (flight.370.data.logs.pdf)
866,2014-03-07T18:03:41.405Z,2014-03-08T02:03:41.405+08:00,IOR-P10500-0-3859,IOR,305,10,P-Channel TX,Subsequent Signalling Unit,,,,N,,No Response to Ground to Air DATA-2 ACARS Data. Link lost at sometime between 17:07:48 and here.,Malaysia May 2014 Inmarsat readable log (flight.370.data.logs.pdf)
867,2014-03-07T18:03:41.405Z,2014-03-08T02:03:41.405+08:00,IOR-P10500-0-3859,IOR,305,10,P-Channel TX,Subsequent Signalling Unit,,,,N,,No Response to Ground to Air DATA-2 ACARS Data. Link lost at sometime between 17:07:48 and here.,Malaysia May 2014 Inmarsat readable log (flight.370.data.logs.pdf)
868,2014-03-07T18:03:41.405Z,2014-03-08T02:03:41.405+08:00,IOR-P10500-0-3859,IOR,305,10,P-Channel TX,Subsequent Signalling Unit,,,,N,,No Response to Ground to Air DATA-2 ACARS Data. Link lost at sometime between 17:07:48 and here.,Malaysia May 2014 Inmarsat readable log (flight.370.data.logs.pdf)
869,2014-03-07T18:03:41.405Z,2014-03-08T02:03:41.405+08:00,IOR-P10500-0-3859,IOR,305,10,P-Channel TX,Subsequent Signalling Unit,,,,N,,No Response to Ground to Air DATA-2 ACARS Data. Link lost at sometime between 17:07:48 and here.,Malaysia May 2014 Inmarsat readable log (flight.370.data.logs.pdf)
870,2014-03-07T18:03:41.405Z,2014-03-08T02:03:41.405+08:00,IOR-P10500-0-3859,IOR,305,10,P-Channel TX,Subsequent Signalling Unit,,,,N,,No Response to Ground to Air DATA-2 ACARS Data. Link lost at sometime between 17:07:48 and here.,Malaysia May 2014 Inmarsat readable log (flight.370.data.logs.pdf)
871,2014-03-07T18:03:41.405Z,2014-03-08T02:03:41.405+08:00,IOR-P10500-0-3859,IOR,305,10,P-Channel TX,Subsequent Signalling Unit,,,,N,,No Response to Ground to Air DATA-2 ACARS Data. Link lost at sometime between 17:07:48 and here.,Malaysia May 2014 Inmarsat readable log (flight.370.data.logs.pdf)
872,2014-03-07T18:03:41.405Z,2014-03-08T02:03:41.405+08:00,IOR-P10500-0-3859,IOR,305,10,P-Channel TX,Subsequent Signalling Unit,,,,N,,No Response to Ground to Air DATA-2 ACARS Data. Link lost at sometime between 17:07:48 and here.,Malaysia May 2014 Inmarsat readable log (flight.370.data.logs.pdf)
873,2014-03-07T18:03:41.405Z,2014-03-08T02:03:41.405+08:00,IOR-P10500-0-3859,IOR,305,10,P-Channel TX,Subsequent Signalling Unit,,,,N,,No Response to Ground to Air DATA-2 ACARS Data. Link lost at sometime between 17:07:48 and here.,Malaysia May 2014 Inmarsat readable log (flight.370.data.logs.pdf)
874,2014-03-07T18:03:41.405Z,2014-03-08T02:03:41.405+08:00,IOR-P10500-0-3859,IOR,305,10,P-Channel TX,Subsequent Signalling Unit,,,,N,,No Response to Ground to Air DATA-2 ACARS Data. Link lost at sometime between 17:07:48 and here.,Malaysia May 2014 Inmarsat readable log (flight.370.data.logs.pdf)
875,2014-03-07T18:03:41.405Z,2014-03-08T02:03:41.405+08:00,IOR-P10500-0-3859,IOR,305,10,P-Channel TX,Subsequent Signalling Unit,,,,N,,No Response to Ground to Air DATA-2 ACARS Data. Link lost at sometime between 17:07:48 and here.,Malaysia May 2014 Inmarsat readable log (flight.370.data.logs.pdf)
876,2014-03-07T18:03:41.405Z,2014-03-08T02:03:41.405+08:00,IOR-P10500-0-3859,IOR,305,10,P-Channel TX,Subsequent Signalling Unit,,,,N,,No Response to Ground to Air DATA-2 ACARS Data. Link lost at sometime between 17:07:48 and here.,Malaysia May 2014 Inmarsat readable log (flight.370.data.logs.pdf)
877,2014-03-07T18:03:41.405Z,2014-03-08T02:03:41.405+08:00,IOR-P10500-0-3859,IOR,305,10,P-Channel TX,Subsequent Signalling Unit,,,,N,,No Response to Ground to Air DATA-2 ACARS Data. Link lost at sometime between 17:07:48 and here.,Malaysia May 2014 Inmarsat readable log (flight.370.data.logs.pdf)
878,2014-03-07T18:03:41.905Z,2014-03-08T02:03:41.905+08:00,IOR-P10500-0-3859,IOR,305,10,P-Channel TX,Subsequent Signalling Unit,,,,N,,No Response to Ground to Air DATA-2 ACARS Data. Link lost at sometime between 17:07:48 and here.,Malaysia May 2014 Inmarsat readable log (flight.370.data.logs.pdf)
879,2014-03-07T18:03:41.905Z,2014-03-08T02:03:41.905+08:00,IOR-P10500-0-3859,IOR,305,10,P-Channel TX,Subsequent Signalling Unit,,,,N,,No Response to Ground to Air DATA-2 ACARS Data. Link lost at sometime between 17:07:48 and here.,Malaysia May 2014 Inmarsat readable log (flight.370.data.logs.pdf)
880,2014-03-07T18:03:41.905Z,2014-03-08T02:03:41.905+08:00,IOR-P10500-0-3859,IOR,305,10,P-Channel TX,Subsequent Signalling Unit,,,,N,,No Response to Ground to Air DATA-2 ACARS Data. Link lost at sometime between 17:07:48 and here.,Malaysia May 2014 Inmarsat readable log (flight.370.data.logs.pdf)
881,2014-03-07T18:03:41.905Z,2014-03-08T02:03:41.905+08:00,IOR-P10500-0-3859,IOR,305,10,P-Channel TX,Subsequent Signalling Unit,,,,N,,No Response to Ground to Air DATA-2 ACARS Data. Link lost at sometime between 17:07:48 and here.,Malaysia May 2014 Inmarsat readable log (flight.370.data.logs.pdf)
882,2014-03-07T18:03:41.905Z,2014-03-08T02:03:41.905+08:00,IOR-P10500-0-3859,IOR,305,10,P-Channel TX,Subsequent Signalling Unit,,,,N,,No Response to Ground to Air DATA-2 ACARS Data. Link lost at sometime between 17:07:48 and here.,Malaysia May 2014 Inmarsat readable log (flight.370.data.logs.pdf)
883,2014-03-07T18:03:50.905Z,2014-03-08T02:03:50.905+08:00,IOR-P10500-0-3859,IOR,305,10,P-Channel TX,0x61 - Request for Acknowledge (RQA) User Data,,,,N,,No Response to Ground to Air DATA-2 ACARS Data. Link lost at sometime between 17:07:48 and here.,Malaysia May 2014 Inmarsat readable log (flight.370.data.logs.pdf)
884,2014-03-07T18:04:00.905Z,2014-03-08T02:04:00.905+08:00,IOR-P10500-0-3859,IOR,305,10,P-Channel TX,0x61 - Request for Acknowledge (RQA) User Data,,,,N,,No Response to Ground to Air DATA-2 ACARS Data. Link lost at sometime between 17:07:48 and here.,Malaysia May 2014 Inmarsat readable log (flight.370.data.logs.pdf)
885,2014-03-07T18:04:08.905Z,2014-03-08T02:04:08.905+08:00,IOR-P10500-0-3859,IOR,305,10,P-Channel TX,0x61 - Request for Acknowledge (RQA) User Data,,,,N,,No Response to Ground to Air DATA-2 ACARS Data. Link lost at sometime between 17:07:48 and here.,Malaysia May 2014 Inmarsat readable log (flight.370.data.logs.pdf)
886,2014-03-07T18:04:19.420Z,2014-03-08T02:04:19.420+08:00,IOR-P10500-0-3859,IOR,305,10,P-Channel TX,0x61 - Request for Acknowledge (RQA) User Data,,,,N,,No Response to Ground to Air DATA-2 ACARS Data. Link lost at sometime between 17:07:48 and here.,Malaysia May 2014 Inmarsat readable log (flight.370.data.logs.pdf)
887,2014-03-07T18:04:29.413Z,2014-03-08T02:04:29.413+08:00,IOR-P10500-0-3859,IOR,305,10,P-Channel TX,0x61 - Request for Acknowledge (RQA) User Data,,,,N,,No Response to Ground to Air DATA-2 ACARS Data. Link lost at sometime between 17:07:48 and here.,Malaysia May 2014 Inmarsat readable log (flight.370.data.logs.pdf)
924,2014-03-07T18:25:27.421Z,2014-03-08T02:25:27.421+08:00,IOR-R600-0-36E1,IOR,305,8,R-Channel RX,0x10 - Log-on Request (ISU)/Log-on Flight Information,142,17120,12520,Y,1st,"Log-On Request, initiated from the aircraft terminal. This is the end of the link lost period that began at sometime between 17:07:48 and 18:03:41.; aircraft-initiated logon after SATCOM outage",Malaysia May 2014 Inmarsat readable log (flight.370.data.logs.pdf)
925,2014-03-07T18:25:28.852Z,2014-03-08T02:25:28.852+08:00,IOR-P600-0-36FC,IOR,305,10,P-Channel TX,0x11 - Log-on Confirm,,,,N,1st,"Log-On Request, initiated from the aircraft terminal. This is the end of the link lost period that began at sometime between 17:07:48 and 18:03:41.; aircraft-initiated logon after SATCOM outage",Malaysia May 2014 Inmarsat readable log (flight.370.data.logs.pdf)
926,2014-03-07T18:25:29.572Z,2014-03-08T02:25:29.572+08:00,IOR-P600-0-36FC,IOR,305,10,P-Channel TX,0x40 - P-/R-Channel Control (ISU),,,,N,1st,"Log-On Request, initiated from the aircraft terminal. This is the end of the link lost period that began at sometime between 17:07:48 and 18:03:41.; aircraft-initiated logon after SATCOM outage",Malaysia May 2014 Inmarsat readable log (flight.370.data.logs.pdf)
927,2014-03-07T18:25:29.572Z,2014-03-08T02:25:29.572+08:00,IOR-P600-0-36FC,IOR,305,10,P-Channel TX,Subsequent Signalling Unit,,,,N,1st,"Log-On Request, initiated from the aircraft terminal. This is the end of the link lost period that began at sometime between 17:07:48 and 18:03:41.; aircraft-initiated logon after SATCOM outage",Malaysia May 2014 Inmarsat readable log (flight.370.data.logs.pdf)
928,2014-03-07T18:25:30.213Z,2014-03-08T02:25:30.213+08:00,IOR-P600-0-36FC,IOR,305,10,P-Channel TX,0x41 - T-Channel Control (ISU),,,,N,1st,"Log-On Request, initiated from the aircraft terminal. This is the end of the link lost period that began at sometime between 17:07:48 and 18:03:41.; aircraft-initiated logon after SATCOM outage",Malaysia May 2014 Inmarsat readable log (flight.370.data.logs.pdf)
929,2014-03-07T18:25:30.213Z,2014-03-08T02:25:30.213+08:00,IOR-P600-0-36FC,IOR,305,10,P-Channel TX,Subsequent Signalling Unit,,,,N,1st,"Log-On Request, initiated from the aircraft terminal. This is the end of the link lost period that began at sometime between 17:07:48 and 18:03:41.; aircraft-initiated logon after SATCOM outage",Malaysia May 2014 Inmarsat readable log (flight.370.data.logs.pdf)
930,2014-03-07T18:25:34.461Z,2014-03-08T02:25:34.461+08:00,IOR-R1200-0-36ED,IOR,305,4,R-Channel RX,0x15 - Log-on/Log-off Acknowledge,273,51700,,Y,1st,"Log-On Request, initiated from the aircraft terminal. This is the end of the link lost period that began at sometime between 17:07:48 and 18:03:41.; aircraft-initiated logon after SATCOM outage",Malaysia May 2014 Inmarsat readable log (flight.370.data.logs.pdf)
931,2014-03-07T18:25:35.408Z,2014-03-08T02:25:35.408+08:00,IOR-P10500-0-386B,IOR,305,10,P-Channel TX,0x15 - Log-on/Log-off Acknowledge,,,,N,1st,"Log-On Request, initiated from the aircraft terminal. This is the end of the link lost period that began at sometime between 17:07:48 and 18:03:41.; aircraft-initiated logon after SATCOM outage",Malaysia May 2014 Inmarsat readable log (flight.370.data.logs.pdf)
932,2014-03-07T18:27:03.905Z,2014-03-08T02:27:03.905+08:00,IOR-R1200-0-36ED,IOR,305,4,R-Channel RX,Eleven Octet User Data,176,12560,,Y,,"Log-On Request, initiated from the aircraft terminal. This is the end of the link lost period that began at sometime between 17:07:48 and 18:03:41.",Malaysia May 2014 Inmarsat readable log (flight.370.data.logs.pdf)
933,2014-03-07T18:27:04.405Z,2014-03-08T02:27:04.405+08:00,IOR-R1200-0-36ED,IOR,305,4,R-Channel RX,Four Octet User Data,175,12520,,Y,,"Log-On Request, initiated from the aircraft terminal. This is the end of the link lost period that began at sometime between 17:07:48 and 18:03:41.",Malaysia May 2014 Inmarsat readable log (flight.370.data.logs.pdf)
934,2014-03-07T18:27:04.907Z,2014-03-08T02:27:04.907+08:00,IOR-P10500-0-386B,IOR,305,10,P-Channel TX,0x62 - Acknowledge User Data,,,,N,,"Log-On Request, initiated from the aircraft terminal. This is the end of the link lost period that began at sometime between 17:07:48 and 18:03:41.",Malaysia May 2014 Inmarsat readable log (flight.370.data.logs.pdf)
935,2014-03-07T18:27:06.407Z,2014-03-08T02:27:06.407+08:00,IOR-P10500-0-386B,IOR,305,10,P-Channel TX,0x71 - User Data (ISU) - RLS,,,,N,,"Log-On Request, initiated from the aircraft terminal. This is the end of the link lost period that began at sometime between 17:07:48 and 18:03:41.",Malaysia May 2014 Inmarsat readable log (flight.370.data.logs.pdf)
936,2014-03-07T18:27:06.407Z,2014-03-08T02:27:06.407+08:00,IOR-P10500-0-386B,IOR,305,10,P-Channel TX,Subsequent Signalling Unit,,,,N,,"Log-On Request, initiated from the aircraft terminal. This is the end of the link lost period that began at sometime between 17:07:48 and 18:03:41.",Malaysia May 2014 Inmarsat readable log (flight.370.data.logs.pdf)
937,2014-03-07T18:27:08.404Z,2014-03-08T02:27:08.404+08:00,IOR-R1200-0-36ED,IOR,305,4,R-Channel RX,0x62 - Acknowledge User Data (R-channel),172,12520,,Y,,"Log-On Request, initiated from the aircraft terminal. This is the end of the link lost period that began at sometime between 17:07:48 and 18:03:41.",Malaysia May 2014 Inmarsat readable log (flight.370.data.logs.pdf)
938,2014-03-07T18:28:05.904Z,2014-03-08T02:28:05.904+08:00,IOR-R1200-0-36ED,IOR,305,4,R-Channel RX,0x22 - Access Request (R/T-Channel),144,12500,,Y,,"Log-On Request, initiated from the aircraft terminal. This is the end of the link lost period that began at sometime between 17:07:48 and 18:03:41.",Malaysia May 2014 Inmarsat readable log (flight.370.data.logs.pdf)
939,2014-03-07T18:28:06.407Z,2014-03-08T02:28:06.407+08:00,IOR-P10500-0-386B,IOR,305,10,P-Channel TX,0x51 - T-Channel Assignment,,,,N,,"Log-On Request, initiated from the aircraft terminal. This is the end of the link lost period that began at sometime between 17:07:48 and 18:03:41.",Malaysia May 2014 Inmarsat readable log (flight.370.data.logs.pdf)
940,2014-03-07T18:28:10.260Z,2014-03-08T02:28:10.260+08:00,IOR-T1200-0-36D7,IOR,305,8,T-Channel RX,0x71 - User Data (ISU) - RLS,148,7540,,Y,,"Log-On Request, initiated from the aircraft terminal. This is the end of the link lost period that began at sometime between 17:07:48 and 18:03:41.",Malaysia May 2014 Inmarsat readable log (flight.370.data.logs.pdf)
941,2014-03-07T18:28:10.398Z,2014-03-08T02:28:10.398+08:00,IOR-T1200-0-36D7,IOR,305,8,T-Channel RX,Subsequent Signalling Unit,148,7540,,Y,,"Log-On Request, initiated from the aircraft terminal. This is the end of the link lost period that began at sometime between 17:07:48 and 18:03:41.",Malaysia May 2014 Inmarsat readable log (flight.370.data.logs.pdf)
942,2014-03-07T18:28:10.559Z,2014-03-08T02:28:10.559+08:00,IOR-T1200-0-36D7,IOR,305,8,T-Channel RX,Subsequent Signalling Unit,147,7540,,Y,,"Log-On Request, initiated from the aircraft terminal. This is the end of the link lost period that began at sometime between 17:07:48 and 18:03:41.",Malaysia May 2014 Inmarsat readable log (flight.370.data.logs.pdf)
943,2014-03-07T18:28:10.718Z,2014-03-08T02:28:10.718+08:00,IOR-T1200-0-36D7,IOR,305,8,T-Channel RX,Subsequent Signalling Unit,147,7540,,Y,,"Log-On Request, initiated from the aircraft terminal. This is the end of the link lost period that began at sometime between 17:07:48 and 18:03:41.",Malaysia May 2014 Inmarsat readable log (flight.370.data.logs.pdf)
944,2014-03-07T18:28:10.879Z,2014-03-08T02:28:10.879+08:00,IOR-T1200-0-36D7,IOR,305,8,T-Channel RX,Subsequent Signalling Unit,147,7540,,Y,,"Log-On Request, initiated from the aircraft terminal. This is the end of the link lost period that began at sometime between 17:07:48 and 18:03:41.",Malaysia May 2014 Inmarsat readable log (flight.370.data.logs.pdf)
945,2014-03-07T18:28:11.054Z,2014-03-08T02:28:11.054+08:00,IOR-T1200-0-36D7,IOR,305,8,T-Channel RX,Subsequent Signalling Unit,147,7540,,Y,,"Log-On Request, initiated from the aircraft terminal. This is the end of the link lost period that began at sometime between 17:07:48 and 18:03:41.",Malaysia May 2014 Inmarsat readable log (flight.370.data.logs.pdf)
946,2014-03-07T18:28:11.907Z,2014-03-08T02:28:11.907+08:00,IOR-P10500-0-386B,IOR,305,10,P-Channel TX,0x62 - Acknowledge User Data,,,,N,,"Log-On Request, initiated from the aircraft terminal. This is the end of the link lost period that began at sometime between 17:07:48 and 18:03:41.",Malaysia May 2014 Inmarsat readable log (flight.370.data.logs.pdf)
947,2014-03-07T18:28:12.907Z,2014-03-08T02:28:12.907+08:00,IOR-P10500-0-386B,IOR,305,10,P-Channel TX,0x71 - User Data (ISU) - RLS,,,,N,,"Log-On Request, initiated from the aircraft terminal. This is the end of the link lost period that began at sometime between 17:07:48 and 18:03:41.",Malaysia May 2014 Inmarsat readable log (flight.370.data.logs.pdf)
948,2014-03-07T18:28:12.907Z,2014-03-08T02:28:12.907+08:00,IOR-P10500-0-386B,IOR,305,10,P-Channel TX,Subsequent Signalling Unit,,,,N,,"Log-On Request, initiated from the aircraft terminal. This is the end of the link lost period that began at sometime between 17:07:48 and 18:03:41.",Malaysia May 2014 Inmarsat readable log (flight.370.data.logs.pdf)
949,2014-03-07T18:28:14.904Z,2014-03-08T02:28:14.904+08:00,IOR-R1200-0-36ED,IOR,305,4,R-Channel RX,0x62 - Acknowledge User Data (R-channel),143,12480,,Y,,"Log-On Request, initiated from the aircraft terminal. This is the end of the link lost period that began at sometime between 17:07:48 and 18:03:41.",Malaysia May 2014 Inmarsat readable log (flight.370.data.logs.pdf)
950,2014-03-07T18:39:52.907Z,2014-03-08T02:39:52.907+08:00,IOR-P10500-0-386B,IOR,301,10,P-Channel TX,0x20 - Access Request/Call Announcement Telephone/Circuit-Mode Data,,,,N,,Ground Initiated to Air Telephony Call - Zero Duration (Not Answered),Malaysia May 2014 Inmarsat readable log (flight.370.data.logs.pdf)
951,2014-03-07T18:39:52.907Z,2014-03-08T02:39:52.907+08:00,IOR-P10500-0-386B,IOR,301,10,P-Channel TX,0x33 - C-Channel Assignment (Regularity),,,,N,,Ground Initiated to Air Telephony Call - Zero Duration (Not Answered),Malaysia May 2014 Inmarsat readable log (flight.370.data.logs.pdf)
952,2014-03-07T18:39:52.907Z,2014-03-08T02:39:52.907+08:00,IOR-P10500-0-386B,IOR,301,10,P-Channel TX,0x20 - Access Request/Call Announcement Telephone/Circuit-Mode Data,,,,N,,Ground Initiated to Air Telephony Call - Zero Duration (Not Answered),Malaysia May 2014 Inmarsat readable log (flight.370.data.logs.pdf)
953,2014-03-07T18:39:52.907Z,2014-03-08T02:39:52.907+08:00,IOR-P10500-0-386B,IOR,301,10,P-Channel TX,0x33 - C-Channel Assignment (Regularity),,,,N,,Ground Initiated to Air Telephony Call - Zero Duration (Not Answered),Malaysia May 2014 Inmarsat readable log (flight.370.data.logs.pdf)
954,2014-03-07T18:39:55.354Z,2014-03-08T02:39:55.354+08:00,IOR-3730-21000,IOR,305,6,C-Channel RX,0x30 - Call Progress - Test,88,,,N,,Ground Initiated to Air Telephony Call - Zero Duration (Not Answered),Malaysia May 2014 Inmarsat readable log (flight.370.data.logs.pdf)
955,2014-03-07T18:39:55.664Z,2014-03-08T02:39:55.664+08:00,IOR-3730-21000,IOR,305,6,C-Channel RX,0x30 - Call Progress - Test,87,,,N,,Handshake Request - No Response from Aircraft Terminal,Malaysia May 2014 Inmarsat readable log (flight.370.data.logs.pdf)
956,2014-03-07T18:39:55.673Z,2014-03-08T02:39:55.673+08:00,IOR-3730-21000,IOR,305,6,C-Channel TX,0x30 - Call Progress - Test,,,,N,,Handshake Request - No Response from Aircraft Terminal,Malaysia May 2014 Inmarsat readable log (flight.370.data.logs.pdf)
957,2014-03-07T18:39:55.837Z,2014-03-08T02:39:55.837+08:00,IOR-3730-21000,IOR,305,6,C-Channel TX,0x30 - Call Progress - Test,,,,N,,Handshake Request - No Response from Aircraft Terminal,Malaysia May 2014 Inmarsat readable log (flight.370.data.logs.pdf)
958,2014-03-07T18:39:55.862Z,2014-03-08T02:39:55.862+08:00,IOR-3730-21000,IOR,305,6,C-Channel RX,0x30 - Call Progress - Test,87,,,N,,Handshake Request - No Response from Aircraft Terminal,Malaysia May 2014 Inmarsat readable log (flight.370.data.logs.pdf)
959,2014-03-07T18:39:55.988Z,2014-03-08T02:39:55.988+08:00,IOR-3730-21000,IOR,305,6,C-Channel TX,0x30 - Call Progress - Test,,,,N,,Handshake Request - No Response from Aircraft Terminal,Malaysia May 2014 Inmarsat readable log (flight.370.data.logs.pdf)
960,2014-03-07T18:39:55.999Z,2014-03-08T02:39:55.999+08:00,IOR-3730-21000,IOR,305,6,C-Channel RX,0x30 - Call Progress - Test,87,,,N,,Handshake Request - No Response from Aircraft Terminal,Malaysia May 2014 Inmarsat readable log (flight.370.data.logs.pdf)
961,2014-03-07T18:39:56.165Z,2014-03-08T02:39:56.165+08:00,IOR-3730-21000,IOR,305,6,C-Channel RX,0x30 - Call Progress - Test,87,,,N,,Handshake Request - No Response from Aircraft Terminal,Malaysia May 2014 Inmarsat readable log (flight.370.data.logs.pdf)
962,2014-03-07T18:39:56.173Z,2014-03-08T02:39:56.173+08:00,IOR-3730-21000,IOR,305,6,C-Channel TX,0x30 - Call Progress - Test,,,,N,,Handshake Request - No Response from Aircraft Terminal,Malaysia May 2014 Inmarsat readable log (flight.370.data.logs.pdf)
963,2014-03-07T18:39:56.215Z,2014-03-08T02:39:56.215+08:00,IOR-373E-21000,IOR,305,6,C-Channel RX,0x30 - Call Progress - Test,86,,,N,,Handshake Request - No Response from Aircraft Terminal,Malaysia May 2014 Inmarsat readable log (flight.370.data.logs.pdf)
964,2014-03-07T18:39:56.344Z,2014-03-08T02:39:56.344+08:00,IOR-3730-21000,IOR,305,6,C-Channel TX,0x30 - Call Progress - Test,,,,N,,Handshake Request - No Response from Aircraft Terminal,Malaysia May 2014 Inmarsat readable log (flight.370.data.logs.pdf)
965,2014-03-07T18:39:56.491Z,2014-03-08T02:39:56.491+08:00,IOR-3730-21000,IOR,305,6,C-Channel TX,0x30 - Call Progress - Test,,,,N,,Handshake Request - No Response from Aircraft Terminal,Malaysia May 2014 Inmarsat readable log (flight.370.data.logs.pdf)
966,2014-03-07T18:39:56.499Z,2014-03-08T02:39:56.499+08:00,IOR-3730-21000,IOR,305,6,C-Channel RX,0x30 - Call Progress - Test,87,,,N,,Handshake Request - No Response from Aircraft Terminal,Malaysia May 2014 Inmarsat readable log (flight.370.data.logs.pdf)
967,2014-03-07T18:39:56.524Z,2014-03-08T02:39:56.524+08:00,IOR-373E-21000,IOR,305,6,C-Channel TX,0x30 - Call Progress - Test,,,,N,,Handshake Request - No Response from Aircraft Terminal,Malaysia May 2014 Inmarsat readable log (flight.370.data.logs.pdf)
968,2014-03-07T18:39:56.524Z,2014-03-08T02:39:56.524+08:00,IOR-373E-21000,IOR,305,6,C-Channel RX,0x30 - Call Progress - Test,86,,,N,,Handshake Request - No Response from Aircraft Terminal,Malaysia May 2014 Inmarsat readable log (flight.370.data.logs.pdf)
969,2014-03-07T18:39:56.665Z,2014-03-08T02:39:56.665+08:00,IOR-3730-21000,IOR,305,6,C-Channel RX,0x30 - Call Progress - Test,86,,,N,,Handshake Request - No Response from Aircraft Terminal,Malaysia May 2014 Inmarsat readable log (flight.370.data.logs.pdf)
970,2014-03-07T18:39:56.673Z,2014-03-08T02:39:56.673+08:00,IOR-3730-21000,IOR,305,6,C-Channel TX,0x30 - Call Progress - Test,,,,N,,Handshake Request - No Response from Aircraft Terminal,Malaysia May 2014 Inmarsat readable log (flight.370.data.logs.pdf)
971,2014-03-07T18:39:56.703Z,2014-03-08T02:39:56.703+08:00,IOR-373E-21000,IOR,305,6,C-Channel TX,0x30 - Call Progress - Test,,,,N,,Handshake Request - No Response from Aircraft Terminal,Malaysia May 2014 Inmarsat readable log (flight.370.data.logs.pdf)
972,2014-03-07T18:39:56.741Z,2014-03-08T02:39:56.741+08:00,IOR-373E-21000,IOR,305,6,C-Channel RX,0x30 - Call Progress - Test,86,,,N,,Handshake Request - No Response from Aircraft Terminal,Malaysia May 2014 Inmarsat readable log (flight.370.data.logs.pdf)
973,2014-03-07T18:39:56.835Z,2014-03-08T02:39:56.835+08:00,IOR-3730-21000,IOR,305,6,C-Channel TX,0x30 - Call Progress - Test,,,,N,,Handshake Request - No Response from Aircraft Terminal,Malaysia May 2014 Inmarsat readable log (flight.370.data.logs.pdf)
974,2014-03-07T18:39:56.854Z,2014-03-08T02:39:56.854+08:00,IOR-3730-21000,IOR,305,6,C-Channel RX,0x30 - Call Progress - Test,90,,,N,,Handshake Request - No Response from Aircraft Terminal,Malaysia May 2014 Inmarsat readable log (flight.370.data.logs.pdf)
975,2014-03-07T18:39:56.859Z,2014-03-08T02:39:56.859+08:00,IOR-373E-21000,IOR,305,6,C-Channel RX,0x30 - Call Progress - Test,90,,,N,,Handshake Request - No Response from Aircraft Terminal,Malaysia May 2014 Inmarsat readable log (flight.370.data.logs.pdf)
976,2014-03-07T18:39:56.860Z,2014-03-08T02:39:56.860+08:00,IOR-373E-21000,IOR,305,6,C-Channel TX,0x30 - Call Progress - Test,,,,N,,Handshake Request - No Response from Aircraft Terminal,Malaysia May 2014 Inmarsat readable log (flight.370.data.logs.pdf)
977,2014-03-07T18:39:56.982Z,2014-03-08T02:39:56.982+08:00,IOR-3730-21000,IOR,305,6,C-Channel TX,0x30 - Call Progress - Test,,,,N,,Handshake Request - No Response from Aircraft Terminal,Malaysia May 2014 Inmarsat readable log (flight.370.data.logs.pdf)
978,2014-03-07T18:39:56.999Z,2014-03-08T02:39:56.999+08:00,IOR-3730-21000,IOR,305,6,C-Channel RX,0x60 - Telephony Acknowledge,89,,,N,,Handshake Request - No Response from Aircraft Terminal,Malaysia May 2014 Inmarsat readable log (flight.370.data.logs.pdf)
979,2014-03-07T18:39:57.008Z,2014-03-08T02:39:57.008+08:00,IOR-373E-21000,IOR,305,6,C-Channel TX,0x30 - Call Progress - Test,,,,N,,Handshake Request - No Response from Aircraft Terminal,Malaysia May 2014 Inmarsat readable log (flight.370.data.logs.pdf)
980,2014-03-07T18:39:57.024Z,2014-03-08T02:39:57.024+08:00,IOR-373E-21000,IOR,305,6,C-Channel RX,0x30 - Call Progress - Test,89,,,N,,Handshake Request - No Response from Aircraft Terminal,Malaysia May 2014 Inmarsat readable log (flight.370.data.logs.pdf)
981,2014-03-07T18:39:57.167Z,2014-03-08T02:39:57.167+08:00,IOR-3730-21000,IOR,305,6,C-Channel RX,0x60 - Telephony Acknowledge,89,,,N,,Handshake Request - No Response from Aircraft Terminal,Malaysia May 2014 Inmarsat readable log (flight.370.data.logs.pdf)
982,2014-03-07T18:39:57.199Z,2014-03-08T02:39:57.199+08:00,IOR-373E-21000,IOR,305,6,C-Channel TX,0x30 - Call Progress - Test,,,,N,,Handshake Request - No Response from Aircraft Terminal,Malaysia May 2014 Inmarsat readable log (flight.370.data.logs.pdf)
983,2014-03-07T18:39:57.247Z,2014-03-08T02:39:57.247+08:00,IOR-373E-21000,IOR,305,6,C-Channel RX,0x30 - Call Progress - Test,89,,,N,,Handshake Request - No Response from Aircraft Terminal,Malaysia May 2014 Inmarsat readable log (flight.370.data.logs.pdf)
984,2014-03-07T18:39:57.360Z,2014-03-08T02:39:57.360+08:00,IOR-3730-21000,IOR,305,6,C-Channel RX,0x60 - Telephony Acknowledge,89,,,N,,Handshake Request - No Response from Aircraft Terminal,Malaysia May 2014 Inmarsat readable log (flight.370.data.logs.pdf)
985,2014-03-07T18:39:57.360Z,2014-03-08T02:39:57.360+08:00,IOR-373E-21000,IOR,305,6,C-Channel RX,0x30 - Call Progress - Test,88,,,N,,Handshake Request - No Response from Aircraft Terminal,Malaysia May 2014 Inmarsat readable log (flight.370.data.logs.pdf)
986,2014-03-07T18:39:57.360Z,2014-03-08T02:39:57.360+08:00,IOR-373E-21000,IOR,305,6,C-Channel TX,0x30 - Call Progress - Test,,,,N,,Handshake Request - No Response from Aircraft Terminal,Malaysia May 2014 Inmarsat readable log (flight.370.data.logs.pdf)
987,2014-03-07T18:39:57.499Z,2014-03-08T02:39:57.499+08:00,IOR-3730-21000,IOR,305,6,C-Channel RX,0x60 - Telephony Acknowledge,88,,,N,,Handshake Request - No Response from Aircraft Terminal,Malaysia May 2014 Inmarsat readable log (flight.370.data.logs.pdf)
988,2014-03-07T18:39:57.508Z,2014-03-08T02:39:57.508+08:00,IOR-373E-21000,IOR,305,6,C-Channel TX,0x30 - Call Progress - Test,,,,N,,Handshake Request - No Response from Aircraft Terminal,Malaysia May 2014 Inmarsat readable log (flight.370.data.logs.pdf)
989,2014-03-07T18:39:57.548Z,2014-03-08T02:39:57.548+08:00,IOR-373E-21000,IOR,305,6,C-Channel RX,0x30 - Call Progress - Test,88,,,N,,Handshake Request - No Response from Aircraft Terminal,Malaysia May 2014 Inmarsat readable log (flight.370.data.logs.pdf)
990,2014-03-07T18:39:57.697Z,2014-03-08T02:39:57.697+08:00,IOR-3730-21000,IOR,305,6,C-Channel RX,0x60 - Telephony Acknowledge,89,,,N,,Handshake Request - No Response from Aircraft Terminal,Malaysia May 2014 Inmarsat readable log (flight.370.data.logs.pdf)
991,2014-03-07T18:39:57.702Z,2014-03-08T02:39:57.702+08:00,IOR-373E-21000,IOR,305,6,C-Channel TX,0x30 - Call Progress - Test,,,,N,,Handshake Request - No Response from Aircraft Terminal,Malaysia May 2014 Inmarsat readable log (flight.370.data.logs.pdf)
992,2014-03-07T18:39:57.747Z,2014-03-08T02:39:57.747+08:00,IOR-373E-21000,IOR,305,6,C-Channel RX,0x60 - Telephony Acknowledge,88,,,N,,Handshake Request - No Response from Aircraft Terminal,Malaysia May 2014 Inmarsat readable log (flight.370.data.logs.pdf)
993,2014-03-07T18:39:57.854Z,2014-03-08T02:39:57.854+08:00,IOR-3730-21000,IOR,305,6,C-Channel RX,0x60 - Telephony Acknowledge,88,,,N,,Handshake Request - No Response from Aircraft Terminal,Malaysia May 2014 Inmarsat readable log (flight.370.data.logs.pdf)
994,2014-03-07T18:39:57.859Z,2014-03-08T02:39:57.859+08:00,IOR-373E-21000,IOR,305,6,C-Channel RX,0x60 - Telephony Acknowledge,89,,,N,,Handshake Request - No Response from Aircraft Terminal,Malaysia May 2014 Inmarsat readable log (flight.370.data.logs.pdf)
995,2014-03-07T18:39:57.860Z,2014-03-08T02:39:57.860+08:00,IOR-373E-21000,IOR,305,6,C-Channel TX,0x30 - Call Progress - Channel Release,,,,N,,Handshake Request - No Response from Aircraft Terminal,Malaysia May 2014 Inmarsat readable log (flight.370.data.logs.pdf)
996,2014-03-07T18:39:58.013Z,2014-03-08T02:39:58.013+08:00,IOR-3730-21000,IOR,305,6,C-Channel RX,0x60 - Telephony Acknowledge,89,,,N,,Handshake Request - No Response from Aircraft Terminal,Malaysia May 2014 Inmarsat readable log (flight.370.data.logs.pdf)
997,2014-03-07T18:39:58.013Z,2014-03-08T02:39:58.013+08:00,IOR-373E-21000,IOR,305,6,C-Channel TX,0x30 - Call Progress - Channel Release,,,,N,,Handshake Request - No Response from Aircraft Terminal,Malaysia May 2014 Inmarsat readable log (flight.370.data.logs.pdf)
998,2014-03-07T18:39:58.057Z,2014-03-08T02:39:58.057+08:00,IOR-373E-21000,IOR,305,6,C-Channel RX,0x60 - Telephony Acknowledge,88,,,N,,Handshake Request - No Response from Aircraft Terminal,Malaysia May 2014 Inmarsat readable log (flight.370.data.logs.pdf)
999,2014-03-07T18:39:58.191Z,2014-03-08T02:39:58.191+08:00,IOR-3730-21000,IOR,305,6,C-Channel RX,0x60 - Telephony Acknowledge,89,,,N,,Handshake Request - No Response from Aircraft Terminal,Malaysia May 2014 Inmarsat readable log (flight.370.data.logs.pdf)
1000,2014-03-07T18:39:58.198Z,2014-03-08T02:39:58.198+08:00,IOR-373E-21000,IOR,305,6,C-Channel TX,0x30 - Call Progress - Channel Release,,,,N,,Handshake Request - No Response from Aircraft Terminal,Malaysia May 2014 Inmarsat readable log (flight.370.data.logs.pdf)
1001,2014-03-07T18:39:58.214Z,2014-03-08T02:39:58.214+08:00,IOR-373E-21000,IOR,305,6,C-Channel RX,0x60 - Telephony Acknowledge,88,,,N,,Handshake Request - No Response from Aircraft Terminal,Malaysia May 2014 Inmarsat readable log (flight.370.data.logs.pdf)
1002,2014-03-07T18:39:58.354Z,2014-03-08T02:39:58.354+08:00,IOR-3730-21000,IOR,305,6,C-Channel RX,0x60 - Telephony Acknowledge,88,,,N,,Handshake Request - No Response from Aircraft Terminal,Malaysia May 2014 Inmarsat readable log (flight.370.data.logs.pdf)
1003,2014-03-07T18:39:58.359Z,2014-03-08T02:39:58.359+08:00,IOR-373E-21000,IOR,305,6,C-Channel RX,0x60 - Telephony Acknowledge,88,,,N,,Handshake Request - No Response from Aircraft Terminal,Malaysia May 2014 Inmarsat readable log (flight.370.data.logs.pdf)
1004,2014-03-07T18:39:58.360Z,2014-03-08T02:39:58.360+08:00,IOR-373E-21000,IOR,305,6,C-Channel TX,0x30 - Call Progress - Channel Release,,,,N,,Handshake Request - No Response from Aircraft Terminal,Malaysia May 2014 Inmarsat readable log (flight.370.data.logs.pdf)
1005,2014-03-07T18:39:58.407Z,2014-03-08T02:39:58.407+08:00,IOR-P10500-0-386B,IOR,301,10,P-Channel TX,0x30 - Call Progress - Channel Release,,,,N,,Handshake Request - No Response from Aircraft Terminal,Malaysia May 2014 Inmarsat readable log (flight.370.data.logs.pdf)
1006,2014-03-07T18:39:58.508Z,2014-03-08T02:39:58.508+08:00,IOR-373E-21000,IOR,305,6,C-Channel TX,0x30 - Call Progress - Channel Release,,,,N,,Handshake Request - No Response from Aircraft Terminal,Malaysia May 2014 Inmarsat readable log (flight.370.data.logs.pdf)
1007,2014-03-07T18:39:58.552Z,2014-03-08T02:39:58.552+08:00,IOR-373E-21000,IOR,305,6,C-Channel RX,0x60 - Telephony Acknowledge,87,,,N,,Handshake Request - No Response from Aircraft Terminal,Malaysia May 2014 Inmarsat readable log (flight.370.data.logs.pdf)
1008,2014-03-07T18:39:58.702Z,2014-03-08T02:39:58.702+08:00,IOR-373E-21000,IOR,305,6,C-Channel TX,0x30 - Call Progress - Channel Release,,,,N,,Handshake Request - No Response from Aircraft Terminal,Malaysia May 2014 Inmarsat readable log (flight.370.data.logs.pdf)
1009,2014-03-07T18:39:58.748Z,2014-03-08T02:39:58.748+08:00,IOR-373E-21000,IOR,305,6,C-Channel RX,0x60 - Telephony Acknowledge,87,,,N,,Handshake Request - No Response from Aircraft Terminal,Malaysia May 2014 Inmarsat readable log (flight.370.data.logs.pdf)
1010,2014-03-07T18:39:58.859Z,2014-03-08T02:39:58.859+08:00,IOR-373E-21000,IOR,305,6,C-Channel RX,0x60 - Telephony Acknowledge,88,,,N,,Handshake Request - No Response from Aircraft Terminal,Malaysia May 2014 Inmarsat readable log (flight.370.data.logs.pdf)
1011,2014-03-07T18:39:59.024Z,2014-03-08T02:39:59.024+08:00,IOR-373E-21000,IOR,305,6,C-Channel RX,0x30 - Call Progress - Channel Release,87,,,N,,Handshake Request - No Response from Aircraft Terminal,Malaysia May 2014 Inmarsat readable log (flight.370.data.logs.pdf)
1012,2014-03-07T18:39:59.245Z,2014-03-08T02:39:59.245+08:00,IOR-373E-21000,IOR,305,6,C-Channel RX,0x30 - Call Progress - Channel Release,87,,,N,,Handshake Request - No Response from Aircraft Terminal,Malaysia May 2014 Inmarsat readable log (flight.370.data.logs.pdf)
1013,2014-03-07T18:39:59.359Z,2014-03-08T02:39:59.359+08:00,IOR-373E-21000,IOR,305,6,C-Channel RX,0x30 - Call Progress - Channel Release,87,,,N,,Handshake Request - No Response from Aircraft Terminal,Malaysia May 2014 Inmarsat readable log (flight.370.data.logs.pdf)
1014,2014-03-07T18:39:59.557Z,2014-03-08T02:39:59.557+08:00,IOR-373E-21000,IOR,305,6,C-Channel RX,0x30 - Call Progress - Channel Release,87,,,N,,Handshake Request - No Response from Aircraft Terminal,Malaysia May 2014 Inmarsat readable log (flight.370.data.logs.pdf)
1015,2014-03-07T18:39:59.747Z,2014-03-08T02:39:59.747+08:00,IOR-373E-21000,IOR,305,6,C-Channel RX,0x30 - Call Progress - Channel Release,86,,,N,,Handshake Request - No Response from Aircraft Terminal,Malaysia May 2014 Inmarsat readable log (flight.370.data.logs.pdf)
1016,2014-03-07T18:39:59.861Z,2014-03-08T02:39:59.861+08:00,IOR-373E-21000,IOR,305,6,C-Channel RX,0x30 - Call Progress - Channel Release,86,,,N,,Handshake Request - No Response from Aircraft Terminal,Malaysia May 2014 Inmarsat readable log (flight.370.data.logs.pdf)
1017,2014-03-07T18:40:02.335Z,2014-03-08T02:40:02.335+08:00,IOR-3730-21000,IOR,305,6,C-Channel TX,0x30 - Call Progress - Status Report,,,,N,,Handshake Request - No Response from Aircraft Terminal,Malaysia May 2014 Inmarsat readable log (flight.370.data.logs.pdf)
1018,2014-03-07T18:40:03.164Z,2014-03-08T02:40:03.164+08:00,IOR-3730-21000,IOR,305,6,C-Channel RX,0x30 - Call Progress - Status Report,90,,,N,,Handshake Request - No Response from Aircraft Terminal,Malaysia May 2014 Inmarsat readable log (flight.370.data.logs.pdf)
1019,2014-03-07T18:40:12.335Z,2014-03-08T02:40:12.335+08:00,IOR-3730-21000,IOR,305,6,C-Channel TX,0x30 - Call Progress - Status Report,,,,N,,Handshake Request - No Response from Aircraft Terminal,Malaysia May 2014 Inmarsat readable log (flight.370.data.logs.pdf)
1020,2014-03-07T18:40:13.164Z,2014-03-08T02:40:13.164+08:00,IOR-3730-21000,IOR,305,6,C-Channel RX,0x30 - Call Progress - Status Report,86,,,N,,Handshake Request - No Response from Aircraft Terminal,Malaysia May 2014 Inmarsat readable log (flight.370.data.logs.pdf)
1021,2014-03-07T18:40:22.335Z,2014-03-08T02:40:22.335+08:00,IOR-3730-21000,IOR,305,6,C-Channel TX,0x30 - Call Progress - Status Report,,,,N,,Handshake Request - No Response from Aircraft Terminal,Malaysia May 2014 Inmarsat readable log (flight.370.data.logs.pdf)
1022,2014-03-07T18:40:23.164Z,2014-03-08T02:40:23.164+08:00,IOR-3730-21000,IOR,305,6,C-Channel RX,0x30 - Call Progress - Status Report,86,,,N,,Handshake Request - No Response from Aircraft Terminal,Malaysia May 2014 Inmarsat readable log (flight.370.data.logs.pdf)
1023,2014-03-07T18:40:32.335Z,2014-03-08T02:40:32.335+08:00,IOR-3730-21000,IOR,305,6,C-Channel TX,0x30 - Call Progress - Status Report,,,,N,,Handshake Request - No Response from Aircraft Terminal,Malaysia May 2014 Inmarsat readable log (flight.370.data.logs.pdf)
1024,2014-03-07T18:40:33.167Z,2014-03-08T02:40:33.167+08:00,IOR-3730-21000,IOR,305,6,C-Channel RX,0x30 - Call Progress - Status Report,87,,,N,,Handshake Request - No Response from Aircraft Terminal,Malaysia May 2014 Inmarsat readable log (flight.370.data.logs.pdf)
1025,2014-03-07T18:40:42.335Z,2014-03-08T02:40:42.335+08:00,IOR-3730-21000,IOR,305,6,C-Channel TX,0x30 - Call Progress - Status Report,,,,N,,Handshake Request - No Response from Aircraft Terminal,Malaysia May 2014 Inmarsat readable log (flight.370.data.logs.pdf)
1026,2014-03-07T18:40:43.197Z,2014-03-08T02:40:43.197+08:00,IOR-3730-21000,IOR,305,6,C-Channel RX,0x30 - Call Progress - Status Report,86,,,N,,Handshake Request - No Response from Aircraft Terminal,Malaysia May 2014 Inmarsat readable log (flight.370.data.logs.pdf)
1027,2014-03-07T18:40:52.356Z,2014-03-08T02:40:52.356+08:00,IOR-3730-21000,IOR,305,6,C-Channel TX,0x30 - Call Progress - Status Report,,,,N,,Handshake Request - No Response from Aircraft Terminal,Malaysia May 2014 Inmarsat readable log (flight.370.data.logs.pdf)
1028,2014-03-07T18:40:53.170Z,2014-03-08T02:40:53.170+08:00,IOR-3730-21000,IOR,305,6,C-Channel RX,0x30 - Call Progress - Status Report,89,,,N,,Handshake Request - No Response from Aircraft Terminal,Malaysia May 2014 Inmarsat readable log (flight.370.data.logs.pdf)
1029,2014-03-07T18:40:54.697Z,2014-03-08T02:40:54.697+08:00,IOR-3730-21000,IOR,305,6,C-Channel TX,0x30 - Call Progress - Channel Release,,,,N,,Handshake Request - No Response from Aircraft Terminal,Malaysia May 2014 Inmarsat readable log (flight.370.data.logs.pdf)
1030,2014-03-07T18:40:54.835Z,2014-03-08T02:40:54.835+08:00,IOR-3730-21000,IOR,305,6,C-Channel TX,0x30 - Call Progress - Channel Release,,,,N,,Handshake Request - No Response from Aircraft Terminal,Malaysia May 2014 Inmarsat readable log (flight.370.data.logs.pdf)
1031,2014-03-07T18:40:54.982Z,2014-03-08T02:40:54.982+08:00,IOR-3730-21000,IOR,305,6,C-Channel TX,0x30 - Call Progress - Channel Release,,,,N,,Handshake Request - No Response from Aircraft Terminal,Malaysia May 2014 Inmarsat readable log (flight.370.data.logs.pdf)
1032,2014-03-07T18:40:55.172Z,2014-03-08T02:40:55.172+08:00,IOR-3730-21000,IOR,305,6,C-Channel TX,0x30 - Call Progress - Channel Release,,,,N,,Handshake Request - No Response from Aircraft Terminal,Malaysia May 2014 Inmarsat readable log (flight.370.data.logs.pdf)
1033,2014-03-07T18:40:55.335Z,2014-03-08T02:40:55.335+08:00,IOR-3730-21000,IOR,305,6,C-Channel TX,0x30 - Call Progress - Channel Release,,,,N,,Handshake Request - No Response from Aircraft Terminal,Malaysia May 2014 Inmarsat readable log (flight.370.data.logs.pdf)
1034,2014-03-07T18:40:55.407Z,2014-03-08T02:40:55.407+08:00,IOR-P10500-0-386B,IOR,301,10,P-Channel TX,0x30 - Call Progress - Channel Release,,,,N,,Handshake Request - No Response from Aircraft Terminal,Malaysia May 2014 Inmarsat readable log (flight.370.data.logs.pdf)
1035,2014-03-07T18:40:55.483Z,2014-03-08T02:40:55.483+08:00,IOR-3730-21000,IOR,305,6,C-Channel TX,0x30 - Call Progress - Channel Release,,,,N,,Handshake Request - No Response from Aircraft Terminal,Malaysia May 2014 Inmarsat readable log (flight.370.data.logs.pdf)
1036,2014-03-07T18:40:55.499Z,2014-03-08T02:40:55.499+08:00,IOR-3730-21000,IOR,305,6,C-Channel RX,0x30 - Call Progress - Channel Release,88,,,N,,Handshake Request - No Response from Aircraft Terminal,Malaysia May 2014 Inmarsat readable log (flight.370.data.logs.pdf)
1037,2014-03-07T18:40:55.664Z,2014-03-08T02:40:55.664+08:00,IOR-3730-21000,IOR,305,6,C-Channel RX,0x30 - Call Progress - Channel Release,90,,,N,,Handshake Request - No Response from Aircraft Terminal,Malaysia May 2014 Inmarsat readable log (flight.370.data.logs.pdf)
1038,2014-03-07T18:40:55.854Z,2014-03-08T02:40:55.854+08:00,IOR-3730-21000,IOR,305,6,C-Channel RX,0x30 - Call Progress - Channel Release,89,,,N,,Handshake Request - No Response from Aircraft Terminal,Malaysia May 2014 Inmarsat readable log (flight.370.data.logs.pdf)
1039,2014-03-07T18:40:55.999Z,2014-03-08T02:40:55.999+08:00,IOR-3730-21000,IOR,305,6,C-Channel RX,0x30 - Call Progress - Channel Release,87,,,N,,Handshake Request - No Response from Aircraft Terminal,Malaysia May 2014 Inmarsat readable log (flight.370.data.logs.pdf)
1040,2014-03-07T18:40:56.164Z,2014-03-08T02:40:56.164+08:00,IOR-3730-21000,IOR,305,6,C-Channel RX,0x30 - Call Progress - Channel Release,89,,,N,,Handshake Request - No Response from Aircraft Terminal,Malaysia May 2014 Inmarsat readable log (flight.370.data.logs.pdf)
1041,2014-03-07T18:40:56.354Z,2014-03-08T02:40:56.354+08:00,IOR-3730-21000,IOR,305,6,C-Channel RX,0x30 - Call Progress - Channel Release,90,,,N,,Ground Initiated to Air Telephony Call - Zero Duration (Not Answered); 84 C-Channel and 2 P-Channel messages moved into separate below table (see appendix 1) to ease the reading of key events. C-Channel messages have no,Malaysia May 2014 Inmarsat readable log (flight.370.data.logs.pdf)
1042,2014-03-07T19:41:00.910Z,2014-03-08T03:41:00.910+08:00,IOR-P10500-0-386B,IOR,305,10,P-Channel TX,0x14 - Log Control - Log-on Interrogation,,,,N,2nd,"Handshake Request, with response; hourly handshake",Malaysia May 2014 Inmarsat readable log (flight.370.data.logs.pdf)
1043,2014-03-07T19:41:02.906Z,2014-03-08T03:41:02.906+08:00,IOR-R1200-0-36ED,IOR,305,4,R-Channel RX,0x15 - Log-on/Log-off Acknowledge,111,11500,,Y,2nd,"Handshake Request, with response; hourly handshake",Malaysia May 2014 Inmarsat readable log (flight.370.data.logs.pdf)
1044,2014-03-07T20:41:02.907Z,2014-03-08T04:41:02.907+08:00,IOR-P10500-0-386B,IOR,305,10,P-Channel TX,0x14 - Log Control - Log-on Interrogation,,,,N,3rd,"Handshake Request, with response; hourly handshake",Malaysia May 2014 Inmarsat readable log (flight.370.data.logs.pdf)
1045,2014-03-07T20:41:04.904Z,2014-03-08T04:41:04.904+08:00,IOR-R1200-0-36ED,IOR,305,4,R-Channel RX,0x15 - Log-on/Log-off Acknowledge,141,11740,,Y,3rd,"Handshake Request, with response; hourly handshake",Malaysia May 2014 Inmarsat readable log (flight.370.data.logs.pdf)
1046,2014-03-07T21:41:24.907Z,2014-03-08T05:41:24.907+08:00,IOR-P10500-0-386B,IOR,305,10,P-Channel TX,0x14 - Log Control - Log-on Interrogation,,,,N,4th,"Handshake Request, with response; hourly handshake",Malaysia May 2014 Inmarsat readable log (flight.370.data.logs.pdf)
1047,2014-03-07T21:41:26.905Z,2014-03-08T05:41:26.905+08:00,IOR-R1200-0-36ED,IOR,305,4,R-Channel RX,0x15 - Log-on/Log-off Acknowledge,168,12780,,Y,4th,"Handshake Request, with response; hourly handshake",Malaysia May 2014 Inmarsat readable log (flight.370.data.logs.pdf)
1048,2014-03-07T22:41:19.907Z,2014-03-08T06:41:19.907+08:00,IOR-P10500-0-386B,IOR,305,10,P-Channel TX,0x14 - Log Control - Log-on Interrogation,,,,N,5th,"Handshake Request, with response; hourly handshake",Malaysia May 2014 Inmarsat readable log (flight.370.data.logs.pdf)
1049,2014-03-07T22:41:21.906Z,2014-03-08T06:41:21.906+08:00,IOR-R1200-0-36ED,IOR,305,4,R-Channel RX,0x15 - Log-on/Log-off Acknowledge,204,14540,,Y,5th,"Handshake Request, with response; hourly handshake",Malaysia May 2014 Inmarsat readable log (flight.370.data.logs.pdf)
1050,2014-03-07T23:13:58.407Z,2014-03-08T07:13:58.407+08:00,IOR-P10500-0-386B,IOR,305,10,P-Channel TX,0x20 - Access Request/Call Announcement Telephone/Circuit-Mode Data,,,,N,,Ground Initiated to Air Telephony Call - Zero Duration (Not Answered),Malaysia May 2014 Inmarsat readable log (flight.370.data.logs.pdf)
1051,2014-03-07T23:13:58.407Z,2014-03-08T07:13:58.407+08:00,IOR-P10500-0-386B,IOR,305,10,P-Channel TX,0x33 - C-Channel Assignment (Regularity),,,,N,,Ground Initiated to Air Telephony Call - Zero Duration (Not Answered),Malaysia May 2014 Inmarsat readable log (flight.370.data.logs.pdf)
1052,2014-03-07T23:14:00.904Z,2014-03-08T07:14:00.904+08:00,IOR-3737-21000,IOR,305,6,C-Channel RX,0x30 - Call Progress - Test,216,,,N,,Ground Initiated to Air Telephony Call - Zero Duration (Not Answered),Malaysia May 2014 Inmarsat readable log (flight.370.data.logs.pdf)
1053,2014-03-07T23:14:01.196Z,2014-03-08T07:14:01.196+08:00,IOR-3737-21000,IOR,305,6,C-Channel RX,0x30 - Call Progress - Test,217,,,N,,Handshake Request - No Response from Aircraft Terminal,Malaysia May 2014 Inmarsat readable log (flight.370.data.logs.pdf)
1054,2014-03-07T23:14:01.215Z,2014-03-08T07:14:01.215+08:00,IOR-3737-21000,IOR,305,6,C-Channel TX,0x30 - Call Progress - Test,,,,N,,Handshake Request - No Response from Aircraft Terminal,Malaysia May 2014 Inmarsat readable log (flight.370.data.logs.pdf)
1055,2014-03-07T23:14:01.378Z,2014-03-08T07:14:01.378+08:00,IOR-3737-21000,IOR,305,6,C-Channel TX,0x30 - Call Progress - Test,,,,N,,Handshake Request - No Response from Aircraft Terminal,Malaysia May 2014 Inmarsat readable log (flight.370.data.logs.pdf)
1056,2014-03-07T23:14:01.386Z,2014-03-08T07:14:01.386+08:00,IOR-3737-21000,IOR,305,6,C-Channel RX,0x30 - Call Progress - Test,216,,,N,,Handshake Request - No Response from Aircraft Terminal,Malaysia May 2014 Inmarsat readable log (flight.370.data.logs.pdf)
1057,2014-03-07T23:14:01.554Z,2014-03-08T07:14:01.554+08:00,IOR-3737-21000,IOR,305,6,C-Channel TX,0x30 - Call Progress - Test,,,,N,,Handshake Request - No Response from Aircraft Terminal,Malaysia May 2014 Inmarsat readable log (flight.370.data.logs.pdf)
1058,2014-03-07T23:14:01.554Z,2014-03-08T07:14:01.554+08:00,IOR-3737-21000,IOR,305,6,C-Channel RX,0x30 - Call Progress - Test,216,,,N,,Handshake Request - No Response from Aircraft Terminal,Malaysia May 2014 Inmarsat readable log (flight.370.data.logs.pdf)
1059,2014-03-07T23:14:01.697Z,2014-03-08T07:14:01.697+08:00,IOR-3737-21000,IOR,305,6,C-Channel RX,0x30 - Call Progress - Test,216,,,N,,Handshake Request - No Response from Aircraft Terminal,Malaysia May 2014 Inmarsat readable log (flight.370.data.logs.pdf)
1060,2014-03-07T23:14:01.745Z,2014-03-08T07:14:01.745+08:00,IOR-3737-21000,IOR,305,6,C-Channel TX,0x30 - Call Progress - Test,,,,N,,Handshake Request - No Response from Aircraft Terminal,Malaysia May 2014 Inmarsat readable log (flight.370.data.logs.pdf)
1061,2014-03-07T23:14:01.878Z,2014-03-08T07:14:01.878+08:00,IOR-3737-21000,IOR,305,6,C-Channel TX,0x30 - Call Progress - Test,,,,N,,Handshake Request - No Response from Aircraft Terminal,Malaysia May 2014 Inmarsat readable log (flight.370.data.logs.pdf)
1062,2014-03-07T23:14:01.903Z,2014-03-08T07:14:01.903+08:00,IOR-3737-21000,IOR,305,6,C-Channel RX,0x30 - Call Progress - Test,216,,,N,,Handshake Request - No Response from Aircraft Terminal,Malaysia May 2014 Inmarsat readable log (flight.370.data.logs.pdf)
1063,2014-03-07T23:14:02.025Z,2014-03-08T07:14:02.025+08:00,IOR-3737-21000,IOR,305,6,C-Channel TX,0x30 - Call Progress - Test,,,,N,,Handshake Request - No Response from Aircraft Terminal,Malaysia May 2014 Inmarsat readable log (flight.370.data.logs.pdf)
1064,2014-03-07T23:14:02.049Z,2014-03-08T07:14:02.049+08:00,IOR-3737-21000,IOR,305,6,C-Channel RX,0x30 - Call Progress - Test,216,,,N,,Handshake Request - No Response from Aircraft Terminal,Malaysia May 2014 Inmarsat readable log (flight.370.data.logs.pdf)
1065,2014-03-07T23:14:02.196Z,2014-03-08T07:14:02.196+08:00,IOR-3737-21000,IOR,305,6,C-Channel RX,0x30 - Call Progress - Test,216,,,N,,Handshake Request - No Response from Aircraft Terminal,Malaysia May 2014 Inmarsat readable log (flight.370.data.logs.pdf)
1066,2014-03-07T23:14:02.215Z,2014-03-08T07:14:02.215+08:00,IOR-3737-21000,IOR,305,6,C-Channel TX,0x30 - Call Progress - Test,,,,N,,Handshake Request - No Response from Aircraft Terminal,Malaysia May 2014 Inmarsat readable log (flight.370.data.logs.pdf)
1067,2014-03-07T23:14:02.378Z,2014-03-08T07:14:02.378+08:00,IOR-3737-21000,IOR,305,6,C-Channel TX,0x30 - Call Progress - Test,,,,N,,Handshake Request - No Response from Aircraft Terminal,Malaysia May 2014 Inmarsat readable log (flight.370.data.logs.pdf)
1068,2014-03-07T23:14:02.386Z,2014-03-08T07:14:02.386+08:00,IOR-3737-21000,IOR,305,6,C-Channel RX,0x60 - Telephony Acknowledge,216,,,N,,Handshake Request - No Response from Aircraft Terminal,Malaysia May 2014 Inmarsat readable log (flight.370.data.logs.pdf)
1069,2014-03-07T23:14:02.527Z,2014-03-08T07:14:02.527+08:00,IOR-3737-21000,IOR,305,6,C-Channel TX,0x30 - Call Progress - Test,,,,N,,Handshake Request - No Response from Aircraft Terminal,Malaysia May 2014 Inmarsat readable log (flight.370.data.logs.pdf)
1070,2014-03-07T23:14:02.532Z,2014-03-08T07:14:02.532+08:00,IOR-3737-21000,IOR,305,6,C-Channel RX,0x60 - Telephony Acknowledge,216,,,N,,Handshake Request - No Response from Aircraft Terminal,Malaysia May 2014 Inmarsat readable log (flight.370.data.logs.pdf)
1071,2014-03-07T23:14:02.697Z,2014-03-08T07:14:02.697+08:00,IOR-3737-21000,IOR,305,6,C-Channel RX,0x60 - Telephony Acknowledge,216,,,N,,Handshake Request - No Response from Aircraft Terminal,Malaysia May 2014 Inmarsat readable log (flight.370.data.logs.pdf)
1072,2014-03-07T23:14:02.888Z,2014-03-08T07:14:02.888+08:00,IOR-3737-21000,IOR,305,6,C-Channel RX,0x60 - Telephony Acknowledge,216,,,N,,Handshake Request - No Response from Aircraft Terminal,Malaysia May 2014 Inmarsat readable log (flight.370.data.logs.pdf)
1073,2014-03-07T23:14:03.071Z,2014-03-08T07:14:03.071+08:00,IOR-3737-21000,IOR,305,6,C-Channel RX,0x60 - Telephony Acknowledge,217,,,N,,Handshake Request - No Response from Aircraft Terminal,Malaysia May 2014 Inmarsat readable log (flight.370.data.logs.pdf)
1074,2014-03-07T23:14:03.196Z,2014-03-08T07:14:03.196+08:00,IOR-3737-21000,IOR,305,6,C-Channel RX,0x60 - Telephony Acknowledge,216,,,N,,Handshake Request - No Response from Aircraft Terminal,Malaysia May 2014 Inmarsat readable log (flight.370.data.logs.pdf)
1075,2014-03-07T23:14:03.386Z,2014-03-08T07:14:03.386+08:00,IOR-3737-21000,IOR,305,6,C-Channel RX,0x60 - Telephony Acknowledge,216,,,N,,Handshake Request - No Response from Aircraft Terminal,Malaysia May 2014 Inmarsat readable log (flight.370.data.logs.pdf)
1076,2014-03-07T23:14:03.531Z,2014-03-08T07:14:03.531+08:00,IOR-3737-21000,IOR,305,6,C-Channel RX,0x60 - Telephony Acknowledge,216,,,N,,Handshake Request - No Response from Aircraft Terminal,Malaysia May 2014 Inmarsat readable log (flight.370.data.logs.pdf)
1077,2014-03-07T23:14:03.696Z,2014-03-08T07:14:03.696+08:00,IOR-3737-21000,IOR,305,6,C-Channel RX,0x60 - Telephony Acknowledge,216,,,N,,Handshake Request - No Response from Aircraft Terminal,Malaysia May 2014 Inmarsat readable log (flight.370.data.logs.pdf)
1078,2014-03-07T23:14:07.905Z,2014-03-08T07:14:07.905+08:00,IOR-3737-21000,IOR,305,6,C-Channel TX,0x30 - Call Progress - Status Report,,,,N,,Handshake Request - No Response from Aircraft Terminal,Malaysia May 2014 Inmarsat readable log (flight.370.data.logs.pdf)
1079,2014-03-07T23:14:08.696Z,2014-03-08T07:14:08.696+08:00,IOR-3737-21000,IOR,305,6,C-Channel RX,0x30 - Call Progress - Status Report,220,,,N,,Handshake Request - No Response from Aircraft Terminal,Malaysia May 2014 Inmarsat readable log (flight.370.data.logs.pdf)
1080,2014-03-07T23:14:17.878Z,2014-03-08T07:14:17.878+08:00,IOR-3737-21000,IOR,305,6,C-Channel TX,0x30 - Call Progress - Status Report,,,,N,,Handshake Request - No Response from Aircraft Terminal,Malaysia May 2014 Inmarsat readable log (flight.370.data.logs.pdf)
1081,2014-03-07T23:14:18.697Z,2014-03-08T07:14:18.697+08:00,IOR-3737-21000,IOR,305,6,C-Channel RX,0x30 - Call Progress - Status Report,218,,,N,,Handshake Request - No Response from Aircraft Terminal,Malaysia May 2014 Inmarsat readable log (flight.370.data.logs.pdf)
1082,2014-03-07T23:14:27.878Z,2014-03-08T07:14:27.878+08:00,IOR-3737-21000,IOR,305,6,C-Channel TX,0x30 - Call Progress - Status Report,,,,N,,Handshake Request - No Response from Aircraft Terminal,Malaysia May 2014 Inmarsat readable log (flight.370.data.logs.pdf)
1083,2014-03-07T23:14:28.696Z,2014-03-08T07:14:28.696+08:00,IOR-3737-21000,IOR,305,6,C-Channel RX,0x30 - Call Progress - Status Report,222,,,N,,Handshake Request - No Response from Aircraft Terminal,Malaysia May 2014 Inmarsat readable log (flight.370.data.logs.pdf)
1084,2014-03-07T23:14:37.905Z,2014-03-08T07:14:37.905+08:00,IOR-3737-21000,IOR,305,6,C-Channel TX,0x30 - Call Progress - Status Report,,,,N,,Handshake Request - No Response from Aircraft Terminal,Malaysia May 2014 Inmarsat readable log (flight.370.data.logs.pdf)
1085,2014-03-07T23:14:38.696Z,2014-03-08T07:14:38.696+08:00,IOR-3737-21000,IOR,305,6,C-Channel RX,0x30 - Call Progress - Status Report,220,,,N,,Handshake Request - No Response from Aircraft Terminal,Malaysia May 2014 Inmarsat readable log (flight.370.data.logs.pdf)
1086,2014-03-07T23:14:47.878Z,2014-03-08T07:14:47.878+08:00,IOR-3737-21000,IOR,305,6,C-Channel TX,0x30 - Call Progress - Status Report,,,,N,,Handshake Request - No Response from Aircraft Terminal,Malaysia May 2014 Inmarsat readable log (flight.370.data.logs.pdf)
1087,2014-03-07T23:14:48.696Z,2014-03-08T07:14:48.696+08:00,IOR-3737-21000,IOR,305,6,C-Channel RX,0x30 - Call Progress - Status Report,220,,,N,,Handshake Request - No Response from Aircraft Terminal,Malaysia May 2014 Inmarsat readable log (flight.370.data.logs.pdf)
1088,2014-03-07T23:14:57.878Z,2014-03-08T07:14:57.878+08:00,IOR-3737-21000,IOR,305,6,C-Channel TX,0x30 - Call Progress - Status Report,,,,N,,Handshake Request - No Response from Aircraft Terminal,Malaysia May 2014 Inmarsat readable log (flight.370.data.logs.pdf)
1089,2014-03-07T23:14:58.696Z,2014-03-08T07:14:58.696+08:00,IOR-3737-21000,IOR,305,6,C-Channel RX,0x30 - Call Progress - Status Report,218,,,N,,Handshake Request - No Response from Aircraft Terminal,Malaysia May 2014 Inmarsat readable log (flight.370.data.logs.pdf)
1090,2014-03-07T23:15:00.378Z,2014-03-08T07:15:00.378+08:00,IOR-3737-21000,IOR,305,6,C-Channel TX,0x30 - Call Progress - Channel Release,,,,N,,Handshake Request - No Response from Aircraft Terminal,Malaysia May 2014 Inmarsat readable log (flight.370.data.logs.pdf)
1091,2014-03-07T23:15:00.532Z,2014-03-08T07:15:00.532+08:00,IOR-3737-21000,IOR,305,6,C-Channel TX,0x30 - Call Progress - Channel Release,,,,N,,Handshake Request - No Response from Aircraft Terminal,Malaysia May 2014 Inmarsat readable log (flight.370.data.logs.pdf)
1092,2014-03-07T23:15:00.750Z,2014-03-08T07:15:00.750+08:00,IOR-3737-21000,IOR,305,6,C-Channel TX,0x30 - Call Progress - Channel Release,,,,N,,Handshake Request - No Response from Aircraft Terminal,Malaysia May 2014 Inmarsat readable log (flight.370.data.logs.pdf)
1093,2014-03-07T23:15:00.878Z,2014-03-08T07:15:00.878+08:00,IOR-3737-21000,IOR,305,6,C-Channel TX,0x30 - Call Progress - Channel Release,,,,N,,Handshake Request - No Response from Aircraft Terminal,Malaysia May 2014 Inmarsat readable log (flight.370.data.logs.pdf)
1094,2014-03-07T23:15:00.907Z,2014-03-08T07:15:00.907+08:00,IOR-P10500-0-386B,IOR,305,10,P-Channel TX,0x30 - Call Progress - Channel Release,,,,N,,Handshake Request - No Response from Aircraft Terminal,Malaysia May 2014 Inmarsat readable log (flight.370.data.logs.pdf)
1095,2014-03-07T23:15:01.025Z,2014-03-08T07:15:01.025+08:00,IOR-3737-21000,IOR,305,6,C-Channel TX,0x30 - Call Progress - Channel Release,,,,N,,Handshake Request - No Response from Aircraft Terminal,Malaysia May 2014 Inmarsat readable log (flight.370.data.logs.pdf)
1096,2014-03-07T23:15:01.197Z,2014-03-08T07:15:01.197+08:00,IOR-3737-21000,IOR,305,6,C-Channel RX,0x30 - Call Progress - Channel Release,218,,,N,,Handshake Request - No Response from Aircraft Terminal,Malaysia May 2014 Inmarsat readable log (flight.370.data.logs.pdf)
1097,2014-03-07T23:15:01.224Z,2014-03-08T07:15:01.224+08:00,IOR-3737-21000,IOR,305,6,C-Channel TX,0x30 - Call Progress - Channel Release,,,,N,,Handshake Request - No Response from Aircraft Terminal,Malaysia May 2014 Inmarsat readable log (flight.370.data.logs.pdf)
1098,2014-03-07T23:15:01.386Z,2014-03-08T07:15:01.386+08:00,IOR-3737-21000,IOR,305,6,C-Channel RX,0x30 - Call Progress - Channel Release,217,,,N,,Handshake Request - No Response from Aircraft Terminal,Malaysia May 2014 Inmarsat readable log (flight.370.data.logs.pdf)
1099,2014-03-07T23:15:01.532Z,2014-03-08T07:15:01.532+08:00,IOR-3737-21000,IOR,305,6,C-Channel RX,0x30 - Call Progress - Channel Release,219,,,N,,Handshake Request - No Response from Aircraft Terminal,Malaysia May 2014 Inmarsat readable log (flight.370.data.logs.pdf)
1100,2014-03-07T23:15:01.697Z,2014-03-08T07:15:01.697+08:00,IOR-3737-21000,IOR,305,6,C-Channel RX,0x30 - Call Progress - Channel Release,219,,,N,,Handshake Request - No Response from Aircraft Terminal,Malaysia May 2014 Inmarsat readable log (flight.370.data.logs.pdf)
1101,2014-03-07T23:15:01.886Z,2014-03-08T07:15:01.886+08:00,IOR-3737-21000,IOR,305,6,C-Channel RX,0x30 - Call Progress - Channel Release,217,,,N,,Handshake Request - No Response from Aircraft Terminal,Malaysia May 2014 Inmarsat readable log (flight.370.data.logs.pdf)
1102,2014-03-07T23:15:02.032Z,2014-03-08T07:15:02.032+08:00,IOR-3737-21000,IOR,305,6,C-Channel RX,0x30 - Call Progress - Channel Release,219,,,N,,Ground Initiated to Air Telephony Call - Zero Duration (Not Answered); 48 C-Channel and 1 P-Channel messages moved into separate below table (see appendix 2) to ease the reading of key events. C-Channel messages have no,Malaysia May 2014 Inmarsat readable log (flight.370.data.logs.pdf)
1103,2014-03-08T00:10:58.000Z,2014-03-08T08:10:58.000+08:00,IOR-P10500-0-386B,IOR,305,10,P-Channel TX,0x14 - Log Control - Log-on Interrogation,,,,N,6th,"Handshake Request, with response; hourly handshake",Malaysia May 2014 Inmarsat readable log (flight.370.data.logs.pdf)
1104,2014-03-08T00:10:59.928Z,2014-03-08T08:10:59.928+08:00,IOR-R1200-0-36ED,IOR,305,4,R-Channel RX,0x15 - Log-on/Log-off Acknowledge,252,18040,,Y,6th,"Handshake Request, with response; hourly handshake",Malaysia May 2014 Inmarsat readable log (flight.370.data.logs.pdf)
1105,2014-03-08T00:19:29.416Z,2014-03-08T08:19:29.416+08:00,IOR-R600-0-36F8,IOR,305,10,R-Channel RX,0x10 - Log-on Request (ISU)/Log-on Flight Information,182,23000,18400,Y,7th,"Log-On Request (reported as a Partial Handshake), initiated from the aircraft terminal; aircraft-initiated logon / partial handshake",Malaysia May 2014 Inmarsat readable log (flight.370.data.logs.pdf)
1106,2014-03-08T00:19:31.572Z,2014-03-08T08:19:31.572+08:00,IOR-P600-0-36FC,IOR,305,10,P-Channel TX,0x11 - Log-on Confirm,,,,N,7th,"Log-On Request (reported as a Partial Handshake), initiated from the aircraft terminal; aircraft-initiated logon / partial handshake",Malaysia May 2014 Inmarsat readable log (flight.370.data.logs.pdf)
1107,2014-03-08T00:19:32.212Z,2014-03-08T08:19:32.212+08:00,IOR-P600-0-36FC,IOR,305,10,P-Channel TX,0x40 - P-/R-Channel Control (ISU),,,,N,7th,"Log-On Request (reported as a Partial Handshake), initiated from the aircraft terminal; aircraft-initiated logon / partial handshake",Malaysia May 2014 Inmarsat readable log (flight.370.data.logs.pdf)
1108,2014-03-08T00:19:32.212Z,2014-03-08T08:19:32.212+08:00,IOR-P600-0-36FC,IOR,305,10,P-Channel TX,Subsequent Signalling Unit,,,,N,7th,"Log-On Request (reported as a Partial Handshake), initiated from the aircraft terminal; aircraft-initiated logon / partial handshake",Malaysia May 2014 Inmarsat readable log (flight.370.data.logs.pdf)
1109,2014-03-08T00:19:32.852Z,2014-03-08T08:19:32.852+08:00,IOR-P600-0-36FC,IOR,305,10,P-Channel TX,0x41 - T-Channel Control (ISU),,,,N,7th,"Log-On Request (reported as a Partial Handshake), initiated from the aircraft terminal; aircraft-initiated logon / partial handshake",Malaysia May 2014 Inmarsat readable log (flight.370.data.logs.pdf)
1110,2014-03-08T00:19:32.852Z,2014-03-08T08:19:32.852+08:00,IOR-P600-0-36FC,IOR,305,10,P-Channel TX,Subsequent Signalling Unit,,,,N,7th,"Log-On Request (reported as a Partial Handshake), initiated from the aircraft terminal; aircraft-initiated logon / partial handshake",Malaysia May 2014 Inmarsat readable log (flight.370.data.logs.pdf)
1111,2014-03-08T00:19:37.443Z,2014-03-08T08:19:37.443+08:00,IOR-R1200-0-36F6,IOR,305,10,R-Channel RX,0x15 - Log-on/Log-off Acknowledge,-2,49660,,Y,7th,Note that the following R-Channel burst at 00:19:37.443 is the last transmission received from the aircraft terminal; aircraft-initiated logon / partial handshake,Malaysia May 2014 Inmarsat readable log (flight.370.data.logs.pdf)
1112,2014-03-08T00:19:38.407Z,2014-03-08T08:19:38.407+08:00,IOR-P10500-0-386B,IOR,305,10,P-Channel TX,0x15 - Log-on/Log-off Acknowledge,,,,N,7th,Note that the following R-Channel burst at 00:19:37.443 is the last transmission received from the aircraft terminal; aircraft-initiated logon / partial handshake,Malaysia May 2014 Inmarsat readable log (flight.370.data.logs.pdf)
1113,2014-03-08T01:15:56.000Z,2014-03-08T09:15:56.000+08:00,IOR-P10500-0-386B,IOR,305,10,P-Channel TX,0x14 - Log Control - Log-on Interrogation,,,,N,fail,"Handshake Request - No Response from Aircraft Terminal; ground interrogation, no aircraft response",Malaysia May 2014 Inmarsat readable log (flight.370.data.logs.pdf)
1114,2014-03-08T01:16:06.000Z,2014-03-08T09:16:06.000+08:00,IOR-P10500-0-386B,IOR,305,10,P-Channel TX,0x14 - Log Control - Log-on Interrogation,,,,N,fail,"Handshake Request - No Response from Aircraft Terminal; ground interrogation, no aircraft response",Malaysia May 2014 Inmarsat readable log (flight.370.data.logs.pdf)
1115,2014-03-08T01:16:15.000Z,2014-03-08T09:16:15.000+08:00,IOR-P10500-0-386B,IOR,305,10,P-Channel TX,0x14 - Log Control - Log-on Interrogation,,,,N,fail,"Handshake Request - No Response from Aircraft Terminal; ground interrogation, no aircraft response",Malaysia May 2014 Inmarsat readable log (flight.370.data.logs.pdf)
